name,email,phone,address,birthday,role
Dao Trong Customer,customer@gmail.com,0154346439,120 Continental Street,2002-04-12 14:48:21,1
Nguyen Tien Sale,sale@gmail.com,9551819190,23 Claremont Street,1991-06-26 10:30:28,2
Do Long Delivery,delivery@gmail.com,3052617866,12 Bayside,1996-10-27 23:09:42,3
Le The Warranty,warranty@gmail.com,3841709435,213 Comanche Crossing,1993-12-14 07:53:45,4
Vo Do Quang Manager,manager@gmail.com,3682157063,13 Marquette Way,1995-02-22 21:31:35,5
Nguyen Van Admin,admin@gmail.com,3841709435,213 Anzinger Crossing,1993-12-14 07:53:45,6
Sashenka Auguste,sauguste0@redcross.org,2439685071,9223 Westridge Parkway,1995-10-14 13:33:51,2
Goldia Manser,gmanser1@wisc.edu,5661492383,044 Delladonna Drive,1995-05-11 06:32:21,2
Timmy Dorn,tdorn2@cmu.edu,5414696180,44020 Glacier Hill Way,2001-02-05 08:48:20,2
Bogart Burnyate,bburnyate3@fc2.com,7963546735,55 Portage Circle,1996-06-02 10:16:27,2
Krisha Yallop,kyallop4@github.com,6563077556,223 Scott Road,1990-02-24 17:09:18,2
Cornie Titchen,ctitchen5@eepurl.com,4633128650,0710 Raven Road,1964-07-15 19:50:54,2
Hyacinth Dunphy,hdunphy6@pagesperso-orange.fr,7365253206,6 Scoville Center,1999-10-29 00:09:25,2
Lind Powley,lpowley7@phpbb.com,9356234704,220 Kensington Junction,1973-08-12 20:37:10,2
Hogan Welbourn,hwelbourn8@g.co,3618123842,910 Mendota Circle,1991-08-24 05:39:38,2
Glad Shipway,gshipway9@163.com,8039474719,5 Coleman Road,1963-12-25 21:17:46,3
Elaina Maskrey,emaskreya@intel.com,6769456002,8848 Maple Wood Road,1997-01-12 19:17:35,3
Bryan Rosendall,brosendallb@soup.io,6869240520,812 Schlimgen Avenue,1965-04-26 18:19:49,3
Stace Sherman,sshermanc@nymag.com,8089145301,3385 Clove Parkway,1980-08-19 14:28:27,3
Linn Swarbrigg,lswarbriggd@ftc.gov,5803299741,91 Ruskin Road,1960-09-26 16:54:59,3
Lucille Sandland,lsandlande@yale.edu,9067668873,87 Valley Edge Pass,1996-08-12 16:28:23,3
Paulie Mandeville,pmandevillef@ask.com,8787174052,6 Huxley Parkway,1965-12-18 08:52:50,3
Terrence De Pero,tdeg@unblog.fr,9689814102,6 Mandrake Drive,1980-03-23 08:59:55,3
Nester Dougary,ndougaryh@dion.ne.jp,2246042954,2022 Knutson Pass,1963-08-20 22:20:55,3
Xaviera Gull,xgulli@netvibes.com,6239791939,9 1st Park,1979-05-03 21:29:08,3
Ashley Muino,amuinoj@last.fm,5486889786,6 Northridge Point,1995-06-16 01:06:43,3
Crystal Cheley,ccheleyk@sakura.ne.jp,6025264664,61889 Jay Alley,1988-05-27 22:48:46,4
Quill Lieb,qliebl@princeton.edu,4422905947,449 Schmedeman Alley,1981-10-08 19:44:47,4
Kiley Amaya,kamayam@ehow.com,1312786269,3 Holy Cross Junction,1998-12-30 19:47:37,4
Keefe Perelli,kperellin@example.com,8191735349,81762 Sugar Parkway,1962-02-14 08:01:59,4
Saba Chasmer,schasmero@github.com,5963804426,42619 Hauk Avenue,1962-02-27 03:39:53,4
Jillayne Poulson,jpoulsonp@hhs.gov,2582155229,7 Laurel Court,1971-05-22 20:35:16,4
Mallissa Heenan,mheenanq@flavors.me,1823016239,7 Porter Circle,1996-11-11 14:44:02,4
Lemmie Portman,lportmanr@yellowbook.com,9197460796,873 Cascade Drive,2001-08-13 04:54:41,4
Gates Perfitt,gperfitts@com.com,4369631061,1530 Eastlawn Crossing,2000-02-23 11:18:47,4
Reid Syms,rsymst@imageshack.us,5074464319,7 Evergreen Pass,2003-06-04 11:02:08,4
Myrilla Wiskar,mwiskaru@sogou.com,5705346345,0024 Macpherson Avenue,1962-05-21 08:42:16,5
Chaunce Hellcat,chellcatv@nih.gov,6497935537,2 Artisan Junction,1966-08-27 22:28:22,5
Zorina Layton,zlaytonw@bluehost.com,1232486089,52 Clove Plaza,1987-04-01 23:36:42,5
Gaston Kirkland,gkirklandx@theatlantic.com,3773231654,36350 Moland Parkway,1980-07-20 13:50:00,5
Alysia Kneale,aknealey@friendfeed.com,5367087251,42055 Eggendart Drive,1975-09-08 01:33:41,5
Jolie Galle,jgallez@theguardian.com,6494237557,50570 Superior Road,1998-03-20 20:48:13,1
Nikolaos Growy,ngrowy10@loc.gov,2948039921,045 Columbus Point,1997-05-18 17:15:00,1
Yvon Nazaret,ynazaret11@weather.com,6554324455,2 Miller Trail,1992-06-18 05:04:29,1
Bruno Yearns,byearns12@networksolutions.com,1332799455,51638 Larry Street,1966-04-21 04:35:42,1
Lindsay Fielding,lfielding13@woothemes.com,9253356495,7 Redwing Trail,1970-04-07 23:13:28,1
Denys Bernardes,dbernardes14@tamu.edu,7227784677,61841 Burrows Point,1999-03-19 19:13:23,1
Amalee Raymen,araymen15@google.it,3018273046,02424 Logan Circle,1991-02-25 00:08:41,1
Sioux Tunnacliffe,stunnacliffe16@usgs.gov,4413401720,382 Boyd Crossing,1968-10-29 15:54:20,1
Kendal Casbon,kcasbon17@flickr.com,2907312595,7 Clyde Gallagher Center,1978-02-07 07:14:01,1
Leslie Rigmond,lrigmond18@earthlink.net,9672365201,42 Gulseth Crossing,1982-08-21 00:13:41,1
Elbert Otson,eotson19@cmu.edu,5286859359,37253 Elka Point,1990-08-21 17:46:03,1
Gilly Treharne,gtreharne1a@comcast.net,3203993026,38 Duke Trail,1992-01-15 17:34:38,1
Isidro O'Keefe,iokeefe1b@cornell.edu,8375593109,2148 Eggendart Point,1971-11-30 06:06:00,1
Siobhan Harwick,sharwick1c@is.gd,7367404514,68 Talmadge Street,1999-09-10 19:13:39,1
Sheilah Armstead,sarmstead1d@irs.gov,1846886512,14 Barby Junction,1986-02-27 08:03:10,1
Kerrie Gammage,kgammage1e@patch.com,8743902610,30689 Sullivan Alley,1991-07-19 11:43:01,1
Eduardo Landreth,elandreth1f@163.com,1712199076,8 Birchwood Hill,1970-02-16 15:08:29,1
Antonina Beaven,abeaven1g@jugem.jp,8034310012,1417 Morningstar Court,1985-03-31 03:57:37,1
Carey Kop,ckop1h@domainmarket.com,5783868724,7830 Main Pass,1963-06-06 17:49:05,1
Ingunna Swafield,iswafield1i@shinystat.com,5711175065,91565 Debs Crossing,1972-06-21 15:10:43,1
Jeanie Baitman,jbaitman1j@reuters.com,8015318384,91 Transport Court,1986-02-13 10:42:21,1
Kerri Alejandre,kalejandre1k@hp.com,9611216611,66974 Esch Way,1978-04-05 06:12:41,1
Moore Decaze,mdecaze1l@europa.eu,5201991363,80 Katie Parkway,1961-09-26 00:38:34,1
Camilla Hawkridge,chawkridge1m@scientificamerican.com,4563736395,709 Packers Lane,1992-12-10 13:20:33,1
Agace Foat,afoat1n@liveinternet.ru,3025633638,95 Blackbird Road,1973-02-17 14:59:58,1
Jyoti Morcom,jmorcom1o@reverbnation.com,8711898894,29854 Del Mar Terrace,1975-12-04 05:36:48,1
Alyosha Giorgiutti,agiorgiutti1p@archive.org,1294221871,8507 Buell Court,1965-09-12 11:55:27,1
Rosalind Gascoine,rgascoine1q@about.me,9465063537,10308 Esch Lane,1993-04-02 10:37:54,1
Maire Jouhandeau,mjouhandeau1r@webmd.com,1057874865,3 Corscot Parkway,1983-03-26 08:37:01,1
Stefania Grundwater,sgrundwater1s@ftc.gov,2926583264,01083 Florence Terrace,1968-05-18 01:41:42,1
Marysa Hopkynson,mhopkynson1t@ca.gov,3579334273,5555 Milwaukee Center,1973-12-14 05:12:34,1
Colby Heckner,checkner1u@independent.co.uk,1933620358,5 Forest Run Way,1978-05-08 10:51:15,1
Evangeline Kinnoch,ekinnoch1v@cnet.com,2132195633,36 Acker Lane,1967-09-27 07:27:55,1
Cristionna Gisbey,cgisbey1w@sakura.ne.jp,1607576573,24192 Sutherland Point,1978-07-31 07:59:19,1
Nata Duckit,nduckit1x@bloglovin.com,7014214851,3366 3rd Drive,1977-05-06 10:32:46,1
Marlyn Goalby,mgoalby1y@hc360.com,3545610081,018 Cascade Court,1980-01-28 18:14:22,1
Roxanna Rothchild,rrothchild1z@linkedin.com,4695952519,8718 Corry Terrace,1994-12-15 10:10:28,1
Kit Howarth,khowarth20@auda.org.au,7313523672,31770 Beilfuss Road,1979-03-08 08:03:39,1
Justinn Quincee,jquincee21@histats.com,8261799529,48042 Carpenter Alley,1974-09-27 19:32:29,1
Clayson McCombe,cmccombe22@dmoz.org,3884696757,5 Bayside Terrace,1970-10-30 14:51:30,1
Milzie Dooler,mdooler23@nifty.com,7076325529,4189 Clemons Avenue,1993-09-26 04:54:14,1
Bunni Anger,banger24@soundcloud.com,9796285608,5 Mcbride Place,1999-01-04 02:57:08,1
Johnna Udey,judey25@hugedomains.com,2049494607,997 Riverside Alley,1970-10-24 04:02:57,1
Kurtis Chippindall,kchippindall26@washingtonpost.com,5526279953,9 Lien Court,1996-04-10 15:49:08,1
Lonnie Brunesco,lbrunesco27@g.co,8599210899,90269 Troy Point,1961-04-17 15:27:15,1
Shandie Brooksbie,sbrooksbie28@cpanel.net,7986448188,41 Prairieview Place,1989-09-12 03:37:32,1
Maggie Parmby,mparmby29@newyorker.com,5157664206,073 Transport Hill,1975-01-18 01:44:46,1
Chelsey Beck,cbeck2a@mail.ru,7677633051,9 Stoughton Court,1973-07-27 03:07:07,1
Maire Salan,msalan2b@cloudflare.com,9978166669,7 Rieder Junction,1965-04-16 21:50:54,1
Dodi Limon,dlimon2c@psu.edu,3669043674,34 Glendale Way,1990-04-09 21:40:50,1
Whittaker Whewill,wwhewill2d@canalblog.com,9236562485,47 Arkansas Way,1963-06-27 00:31:41,1
Brook Hugland,bhugland2e@xrea.com,9576957397,145 Laurel Trail,1990-10-18 06:28:07,1
Shadow Samweyes,ssamweyes2f@goodreads.com,8348067340,64 Knutson Crossing,1976-09-03 03:08:12,1
Nobe Epton,nepton2g@pen.io,5845867615,109 Westend Park,2002-02-01 05:14:23,1
Giovanna Crolla,gcrolla2h@bloomberg.com,8821208221,296 Mallory Way,2003-11-25 20:48:58,1
Reinaldos Limeburner,rlimeburner2i@state.tx.us,3371156951,08582 6th Street,1998-11-28 03:53:18,1
Marice Bootton,mbootton2j@angelfire.com,4018978640,91961 Quincy Pass,1970-10-03 12:18:59,1
Huberto Strettell,hstrettell2k@ycombinator.com,9694240919,87 School Hill,1975-03-21 11:14:23,1
Hannis Vaszoly,hvaszoly2l@rambler.ru,9971353093,58144 School Pass,1967-09-25 13:41:56,1
Ruby Loraine,rloraine2m@furl.net,3152467485,8 Oak Circle,1969-03-07 18:24:59,1
Gaye Corneljes,gcorneljes2n@time.com,1555752338,07519 Eliot Pass,1989-12-02 06:45:02,1
Blinny Charopen,bcharopen2o@phoca.cz,9009402857,01 Bonner Junction,1995-10-22 02:11:20,1
Kellen Syrie,ksyrie2p@google.com.hk,9168018324,8 Ilene Pass,1979-06-14 23:19:17,1
Witty Mirando,wmirando2q@princeton.edu,4135931261,17 Sundown Park,1962-09-24 08:07:51,1
Michelina Goslin,mgoslin2r@mlb.com,7075721494,83842 Reinke Pass,1994-10-04 19:22:36,1
Katha Crucetti,kcrucetti2s@ebay.co.uk,5318999812,549 Sundown Trail,1984-01-27 14:37:55,1
Ebonee Zanettini,ezanettini2t@qq.com,6581221022,0577 Carberry Trail,1989-09-20 10:49:37,1
Nicoli Alennikov,nalennikov2u@slideshare.net,4276976979,3984 Onsgard Court,1962-11-06 16:30:44,1
Dov Yurov,dyurov2v@unblog.fr,2319777204,4478 Carey Way,1991-12-20 03:18:12,1
Evey Fenix,efenix2w@dion.ne.jp,2126838280,27 Summer Ridge Trail,1998-10-02 05:49:42,1
Ruddie Baines,rbaines2x@eepurl.com,8471012238,4 Texas Junction,1972-01-15 05:41:02,1
Margaux Gilham,mgilham2y@privacy.gov.au,9853961982,29827 Loomis Court,1961-01-05 07:16:12,1
Drake Aime,daime2z@github.com,4029500140,38 Green Trail,1969-03-19 03:23:48,1
Ingaberg Hart,ihart30@behance.net,7493375500,0 Banding Court,1965-11-29 23:20:46,1
Sabrina Rawet,srawet31@gizmodo.com,4942371805,5 Gulseth Trail,1968-11-26 14:47:37,1
Dodi Marchington,dmarchington32@princeton.edu,6346806145,920 Dahle Avenue,1967-06-09 09:10:45,1
Charis Ciobutaro,cciobutaro33@bbc.co.uk,3347192288,12513 Roth Drive,1963-06-18 04:07:43,1
Olivero Halwell,ohalwell34@tmall.com,7227778165,1341 Havey Plaza,1998-11-09 21:48:56,1
Kacey Bruckenthal,kbruckenthal35@alibaba.com,6544028367,3 Dawn Plaza,1967-02-18 21:42:49,1
Timotheus Sweetzer,tsweetzer36@mit.edu,8552910620,43 Moulton Plaza,1961-05-05 03:34:29,1
Georgeanne Search,gsearch37@ow.ly,7352460195,547 Derek Plaza,2002-10-10 21:30:35,1
Shurwood Casserly,scasserly38@geocities.jp,4161069322,0466 Oakridge Pass,1983-10-27 09:53:06,1
Darby Janda,djanda39@vimeo.com,5764587614,5140 Tomscot Way,1968-03-07 13:28:05,1
Gael Porrett,gporrett3a@pcworld.com,6783379066,035 Bartillon Alley,1988-07-17 04:48:36,1
Nolie Franken,nfranken3b@dion.ne.jp,9222469587,61 Maple Wood Place,2003-02-18 15:52:25,1
Edithe Kilbourne,ekilbourne3c@nhs.uk,5633240270,488 Garrison Court,1988-11-25 21:35:44,1
Loni Denyukhin,ldenyukhin3d@list-manage.com,2431447298,17 Calypso Parkway,2002-04-02 04:00:39,1
Florance Kiss,fkiss3e@loc.gov,9431808950,8 Marcy Street,1974-11-23 16:34:02,1
Dreddy Squires,dsquires3f@ucsd.edu,6017308827,71719 Kings Terrace,1967-10-19 03:36:17,1
Shirleen Galey,sgaley3g@jugem.jp,3204532087,28607 Clove Place,1993-05-14 20:30:58,1
Daryl Dreghorn,ddreghorn3h@baidu.com,9491265070,8 Darwin Place,1998-02-15 22:13:41,1
Marshal Labrenz,mlabrenz3i@devhub.com,1375996385,0401 Dennis Road,1965-08-18 19:55:55,1
Scarlet Smithies,ssmithies3j@php.net,8064977043,5130 Reindahl Alley,1989-10-21 17:31:56,1
Leland Cowin,lcowin3k@vinaora.com,2222809145,025 Anderson Avenue,1992-02-25 19:56:31,1
Jereme Eathorne,jeathorne3l@shinystat.com,4191524624,573 Evergreen Court,1973-05-13 02:00:05,1
Desirae Colbertson,dcolbertson3m@phoca.cz,5989131084,5 Tennyson Park,1960-03-28 03:03:56,1
Jed Dibley,jdibley3n@joomla.org,5598049898,674 Bashford Park,1973-09-13 21:23:25,1
Joachim Quinevan,jquinevan3o@newyorker.com,4052294284,858 Continental Circle,1971-10-23 01:59:43,1
Dory Ramlot,dramlot3p@dmoz.org,5021224892,211 3rd Way,2001-10-27 14:51:02,1
Debora Beeswing,dbeeswing3q@hhs.gov,3864692735,03 Dunning Lane,1991-05-11 22:45:13,1
Roxanna Clarke-Williams,rclarkewilliams3r@liveinternet.ru,5335538225,80 Crest Line Trail,1967-06-07 19:10:10,1
Charyl Kinde,ckinde3s@blogspot.com,1807498114,25 Dryden Terrace,2003-08-17 22:39:03,1
Kenyon Connock,kconnock3t@ebay.co.uk,7848739939,6832 Arizona Alley,1974-01-10 19:11:51,1
Griffie Basketter,gbasketter3u@seesaa.net,3806445915,3 Village Junction,1960-11-18 02:54:34,1
Renee Plevey,rplevey3v@behance.net,6364751091,0263 Eagan Road,1971-03-03 01:00:56,1
Conney Wanklyn,cwanklyn3w@xing.com,2576301719,381 Bultman Plaza,1964-01-30 07:25:47,1
Kim O'Keeffe,kokeeffe3x@jimdo.com,9459359835,85892 Maywood Drive,1992-10-23 08:32:11,1
Trev Brimmicombe,tbrimmicombe3y@opensource.org,2076692775,6 Dakota Parkway,1990-12-28 07:03:46,1
Brinna Nesbitt,bnesbitt3z@woothemes.com,2931080314,95 3rd Lane,1976-06-17 13:05:32,1
Evin Yaus,eyaus40@phpbb.com,8295410385,78723 Lawn Center,1981-05-04 23:50:13,1
Alison Bickerstasse,abickerstasse41@sitemeter.com,6459492876,89989 Village Avenue,1983-05-19 06:00:23,1
Vidovik Smithies,vsmithies42@so-net.ne.jp,1711742818,04555 Crowley Crossing,1999-04-14 22:19:41,1
Uri Pethick,upethick43@sohu.com,4536856068,72866 Delaware Hill,1978-03-25 02:40:19,1
Seumas Tompkins,stompkins44@ehow.com,7955758113,83 6th Point,1987-01-09 19:08:02,1
Lissi Drewitt,ldrewitt45@go.com,7535466758,071 6th Road,1967-08-10 10:46:22,1
Ealasaid Morrallee,emorrallee46@skype.com,5515514626,726 Straubel Avenue,2000-09-07 08:08:24,1
Vicky Brugemann,vbrugemann47@cam.ac.uk,5513946221,262 Milwaukee Terrace,1998-10-02 04:04:45,1
Rouvin Baldini,rbaldini48@sina.com.cn,6488923063,03 7th Place,1968-07-31 23:00:38,1
Eran Macguire,emacguire49@lycos.com,3569071369,4 Schurz Junction,1971-11-25 19:42:11,1
Freddi Tobias,ftobias4a@bluehost.com,1799010054,7 Manley Park,1984-02-13 04:48:03,1
Corny Berrow,cberrow4b@mozilla.org,9494297501,3 Coleman Lane,1975-04-08 06:05:31,1
Daphna Plampeyn,dplampeyn4c@ucoz.com,8931411143,0929 Summerview Trail,2002-05-17 02:41:21,1
Joscelin Pidwell,jpidwell4d@wikipedia.org,4946920663,51 Emmet Hill,1999-09-11 02:23:58,1
Chery Chippindall,cchippindall4e@unicef.org,4541979671,448 Iowa Lane,1995-10-13 13:36:42,1
Genevra Westmarland,gwestmarland4f@addtoany.com,6636560777,666 Anhalt Lane,1989-11-22 21:04:20,1
Darbee Kingswood,dkingswood4g@gov.uk,3302036314,8 Prentice Hill,1999-08-25 17:57:48,1
Eartha Truelove,etruelove4h@bing.com,8968249703,6370 Kim Plaza,1967-02-26 05:06:32,1
Brodie Seagrave,bseagrave4i@quantcast.com,1595806434,881 Russell Way,1992-07-04 08:54:53,1
Emelia Myner,emyner4j@homestead.com,2009172906,3 Columbus Street,2001-12-20 16:48:26,1
Alberik Brach,abrach4k@cdbaby.com,1988608186,8042 Surrey Street,1979-04-22 22:10:44,1
Ansell Jozsika,ajozsika4l@adobe.com,3979186895,5517 7th Parkway,1963-08-10 01:02:26,1
Yulma Meale,ymeale4m@vk.com,8488985033,77833 Sutteridge Road,1995-04-20 23:12:52,1
Forest Shugg,fshugg4n@miitbeian.gov.cn,5176536498,4176 Corscot Place,1986-05-26 13:06:14,1
Tonie Archbell,tarchbell4o@usatoday.com,9561625584,266 High Crossing Junction,1990-08-06 22:30:01,1
Paulie Middlehurst,pmiddlehurst4p@elpais.com,3772618006,77 Meadow Vale Parkway,1991-11-30 18:24:17,1
Debby Caccavale,dcaccavale4q@privacy.gov.au,6825472903,37549 Buell Trail,1977-02-20 02:23:49,1
Parke Charters,pcharters4r@addthis.com,6707951551,44 Rieder Lane,1972-11-25 13:02:49,1
Nollie Benyan,nbenyan4s@cnbc.com,6162156675,73 Park Meadow Trail,1983-03-03 14:29:44,1
Olwen Latchmore,olatchmore4t@yellowpages.com,7168241622,89061 Westend Hill,1980-04-06 21:08:36,1
Francisco Exton,fexton4u@i2i.jp,6495352885,31 Shasta Avenue,1974-03-24 06:03:27,1
Florenza Gotfrey,fgotfrey4v@prnewswire.com,4758400772,489 Anhalt Road,1964-06-24 18:43:29,1
Ashia Woolfoot,awoolfoot4w@timesonline.co.uk,8328944293,05 Heffernan Circle,1977-07-07 17:55:18,1
Bartholemy Goldman,bgoldman4x@webs.com,1208516015,7 Packers Place,1998-08-26 11:54:43,1
Ambrose Rive,arive4y@nba.com,1765342155,91 Straubel Way,1976-02-25 07:10:28,1
Martie Smouten,msmouten4z@51.la,5952688396,4 Oriole Way,1961-01-14 13:05:53,1
Sherwood Millwall,smillwall50@whitehouse.gov,5701521677,3476 Holmberg Street,1997-10-08 21:15:56,1
Aurthur Chown,achown51@google.co.jp,5004675639,2777 Butterfield Street,1987-08-26 20:08:04,1
Robbie Rasper,rrasper52@hc360.com,4871126790,7 4th Place,1981-05-31 16:41:29,1
Osbourn Batchley,obatchley53@last.fm,2865142061,97825 Holmberg Center,1980-03-06 12:56:31,1
Kessiah Cohn,kcohn54@google.nl,3866245696,707 Melrose Point,1985-01-24 02:06:00,1
Lynnea Windaybank,lwindaybank55@pen.io,2287091420,118 Killdeer Pass,1980-08-09 09:08:26,1
Heda Saggs,hsaggs56@godaddy.com,5587984894,713 Badeau Avenue,1993-01-24 11:00:07,1
Nikolos Keveren,nkeveren57@sbwire.com,5782233672,6343 Dorton Lane,1980-10-13 02:43:13,1
Carlin Conklin,cconklin58@google.cn,3599699700,31 Memorial Court,1978-07-19 19:03:49,1
Whitaker Schukert,wschukert59@pen.io,7596638092,337 Pankratz Pass,1966-02-04 01:46:58,1
Redd Clyma,rclyma5a@pagesperso-orange.fr,8575928373,463 Moland Place,2000-07-14 19:58:51,1
Holli Kidgell,hkidgell5b@themeforest.net,5116934159,748 Dryden Parkway,1974-10-05 13:01:18,1
Killy Rosenblath,krosenblath5c@dagondesign.com,6645130715,058 Raven Trail,1988-09-02 21:04:25,1
Shurwood Underdown,sunderdown5d@engadget.com,3459493397,902 Mcbride Place,1979-03-11 10:13:25,1
Nadean Blencoe,nblencoe5e@unesco.org,1197828566,11542 Melody Trail,2000-08-24 02:37:57,1
Beatriz Geldart,bgeldart5f@sohu.com,9567766094,51060 Sundown Trail,1973-04-07 06:10:05,1
Christoph O'Cahill,cocahill5g@accuweather.com,9585994063,126 Union Alley,1965-11-09 03:57:44,1
Adiana Tratton,atratton5h@imdb.com,4412510566,6 Nova Road,1988-12-01 23:16:38,1
Shane Organer,sorganer5i@goo.gl,7945954949,12101 West Center,1962-11-21 07:02:49,1
Creighton Vasyutichev,cvasyutichev5j@loc.gov,5586202878,3739 Dryden Court,1994-06-29 20:17:08,1
Timothea Aleavy,taleavy5k@lulu.com,6665400144,6 Tony Point,1994-10-11 17:19:10,1
Teresa Pays,tpays5l@furl.net,2806423970,986 Luster Circle,1990-01-14 23:52:53,1
Truman Grandham,tgrandham5m@patch.com,2825827157,5 Morningstar Crossing,1990-11-16 12:54:44,1
Nikaniki Pevsner,npevsner5n@multiply.com,9712309237,24 Kennedy Way,1961-04-25 21:28:33,1
Pattie Willan,pwillan5o@usda.gov,5626878297,077 Orin Avenue,1976-10-23 00:27:25,1
Lynnette Staves,lstaves5p@pagesperso-orange.fr,3526672130,178 Banding Lane,2002-03-10 14:00:40,1
Joana McKleod,jmckleod5q@marketwatch.com,3973305345,50829 Elgar Terrace,2003-09-01 14:38:42,1
Haven Filliskirk,hfilliskirk5r@about.me,2036549045,2626 Bowman Place,2001-07-10 10:46:07,1
Winny Heigho,wheigho5s@ocn.ne.jp,2949578027,2 Haas Court,1985-02-01 00:05:18,1
Renell Lawrenson,rlawrenson5t@bloomberg.com,4911085310,1 Daystar Road,1963-07-17 04:51:00,1
Sven Vicar,svicar5u@liveinternet.ru,4442649769,90782 La Follette Lane,1996-09-27 11:30:58,1
Alvis Trevaskus,atrevaskus5v@upenn.edu,7973284836,566 Bartillon Point,1961-06-11 08:56:48,1
Dot Shearman,dshearman5w@mlb.com,4361051485,966 Logan Crossing,1985-09-25 05:33:29,1
Liza Chipchase,lchipchase5x@yelp.com,9076755937,7234 Harbort Road,1971-02-11 00:21:33,1
Claudelle Armsden,carmsden5y@behance.net,8508351854,04 Green Hill,1989-06-27 04:38:32,1
Iorgos Van't Hoff,ivant5z@wix.com,9741332422,80 Randy Place,1978-08-09 05:22:55,1
Roxi Gowthorpe,rgowthorpe60@census.gov,8003997686,613 Lotheville Terrace,1996-04-04 16:09:46,1
Antoinette Orgel,aorgel61@wufoo.com,3475289209,232 Algoma Trail,1974-03-11 22:44:02,1
Adrea Goodfellow,agoodfellow62@cnn.com,6638626088,55 Mariners Cove Avenue,1960-04-19 01:51:13,1
Cherrita Ziemen,cziemen63@forbes.com,9261924870,6 Harbort Place,1977-07-25 05:55:32,1
Gabi Cookman,gcookman64@friendfeed.com,2987784721,82496 Nova Alley,2001-09-18 05:21:43,1
Eolande Haddick,ehaddick65@yolasite.com,8217672322,3 Muir Road,2000-10-11 20:29:53,1
Mil Peak,mpeak66@163.com,9331009863,5598 Redwing Trail,1993-04-27 12:52:42,1
Torrence Rzehor,trzehor67@oaic.gov.au,1404891615,768 Stephen Terrace,1993-05-18 07:51:43,1
Shayne Lowth,slowth68@msu.edu,3015996325,6427 Westport Terrace,1993-12-28 03:33:57,1
Jana Whitehouse,jwhitehouse69@apache.org,1446909921,87 Summerview Pass,1968-07-08 00:46:22,1
Ami Faulks,afaulks6a@google.cn,1183021055,35475 Independence Terrace,2003-04-17 12:55:07,1
Richart Gosselin,rgosselin6b@taobao.com,9361203169,7445 Waxwing Pass,1978-03-31 07:32:03,1
Elliott Munehay,emunehay6c@google.com,8905926307,6 Forest Dale Drive,1981-12-15 23:21:18,1
Rea Vlies,rvlies6d@gravatar.com,2685181431,71119 Buena Vista Place,1966-08-20 13:08:35,1
Marris Rushmer,mrushmer6e@businessweek.com,1148883694,206 Pepper Wood Place,2003-09-06 01:03:08,1
Adey Camous,acamous6f@gizmodo.com,8014529492,0 Crescent Oaks Park,1991-01-18 16:17:18,1
Ashia Moreman,amoreman6g@toplist.cz,4665255891,07 Prairieview Point,1994-04-29 06:46:12,1
Monica Barthod,mbarthod6h@vinaora.com,8363884223,53 Parkside Point,2003-03-24 05:11:01,1
Nicolette Wellstood,nwellstood6i@surveymonkey.com,2082931221,21695 Bellgrove Parkway,1964-07-03 00:41:38,1
Dido Vargas,dvargas6j@chronoengine.com,9877931224,38566 Eagle Crest Junction,1961-11-10 08:01:53,1
Port Moncreiff,pmoncreiff6k@yahoo.com,3066976823,80 Buhler Junction,1965-05-28 08:55:22,1
Adolf MacFadyen,amacfadyen6l@cornell.edu,2188329361,340 Bultman Parkway,2001-03-20 10:00:18,1
Marianne Swallwell,mswallwell6m@sitemeter.com,1678817157,02 Drewry Parkway,1980-07-24 00:29:39,1
Isa Baggiani,ibaggiani6n@edublogs.org,8997477154,2 Emmet Road,1996-01-08 07:51:12,1
Nell Deverose,ndeverose6o@jiathis.com,6913818236,6259 Duke Plaza,1967-08-23 23:05:05,1
Ibrahim Etchingham,ietchingham6p@booking.com,4489930509,92366 Bellgrove Way,1986-11-18 15:40:50,1
Rici Tute,rtute6q@ycombinator.com,7415019042,08364 Ludington Junction,1995-09-05 08:31:47,1
Bruno Pyford,bpyford6r@reverbnation.com,4675205015,49 Toban Trail,2003-02-14 15:57:14,1
Dimitri Eakens,deakens6s@theguardian.com,3759155981,09 Stephen Way,1967-08-08 07:16:55,1
Kelvin Mumford,kmumford6t@devhub.com,8958208398,289 Shopko Crossing,1993-08-04 02:12:36,1
Bernarr Roblin,broblin6u@woothemes.com,8718525011,60 Armistice Trail,1993-08-15 21:00:20,1
Ransell Cleife,rcleife6v@uol.com.br,7415134372,03833 Straubel Road,2000-09-19 02:03:37,1
Pavlov MacMenamin,pmacmenamin6w@w3.org,6199573021,3 Parkside Junction,1996-02-28 08:17:29,1
Jamey Waplinton,jwaplinton6x@domainmarket.com,3993663725,9 Forest Crossing,1974-08-24 02:20:56,1
Cindie Leif,cleif6y@shinystat.com,7467323979,74 Sommers Hill,2000-06-23 02:03:09,1
Delainey Duke,dduke6z@intel.com,9285721474,81 Independence Park,1965-03-09 11:18:29,1
Courtnay Mansel,cmansel70@mapquest.com,3862129824,4 David Alley,1992-09-20 05:56:18,1
Shalne Weightman,sweightman71@virginia.edu,8687073890,18 Ludington Alley,1974-02-05 05:32:48,1
Neysa Parkey,nparkey72@xrea.com,4173451405,14603 Magdeline Street,1988-08-21 18:40:56,1
Blanca Skelding,bskelding73@mtv.com,2711133351,640 Mesta Street,1990-03-18 15:19:46,1
Janka Webster,jwebster74@tinypic.com,5504589297,91 3rd Way,1998-07-17 12:37:39,1
Pryce Boxell,pboxell75@tinypic.com,3841879395,3 Everett Court,1995-04-24 20:34:52,1
Zacharie Ferenc,zferenc76@bloglines.com,8522763355,2 Hovde Lane,1998-02-28 06:32:09,1
Dallas Sarfass,dsarfass77@jalbum.net,8151970154,1042 Spenser Plaza,1961-08-21 12:33:19,1
Elka Elintune,eelintune78@latimes.com,8119772118,1306 Bluejay Street,2003-04-25 03:39:25,1
Edsel Copeland,ecopeland79@wp.com,9595674258,4484 Charing Cross Plaza,1979-10-05 10:44:28,1
Tate Meedendorpe,tmeedendorpe7a@tinypic.com,8423980913,24 Aberg Junction,1986-07-27 12:53:15,1
Glyn Goggins,ggoggins7b@msu.edu,8604989489,29725 Johnson Crossing,1960-10-02 22:01:35,1
Clea Lavallin,clavallin7c@fema.gov,9201065247,099 Dryden Lane,1984-12-21 17:15:04,1
Marcelia Emes,memes7d@geocities.com,6206059399,02397 Canary Parkway,1978-01-29 13:06:31,1
Gayleen Klimsch,gklimsch7e@bloomberg.com,2104093498,94443 Delaware Court,1982-02-14 01:39:54,1
Lexi Swancock,lswancock7f@google.es,6143592587,81 Raven Junction,1974-04-25 23:02:35,1
Gavrielle Boswood,gboswood7g@washingtonpost.com,5081358301,552 Washington Hill,1998-07-03 16:57:38,1
Louie Fibbings,lfibbings7h@mayoclinic.com,5911354913,97 Carioca Point,1971-11-01 03:55:39,1
Glenden Eddington,geddington7i@wsj.com,7735446209,4 Homewood Pass,1985-10-31 00:57:20,1
Janet Bearfoot,jbearfoot7j@google.ca,7458734334,4 Huxley Park,1992-10-26 01:54:12,1
Sallie Camel,scamel7k@wordpress.org,5071695518,64959 Kim Hill,1960-09-02 17:44:24,1
Dee dee Hrinchenko,ddee7l@joomla.org,4086573369,88247 Heffernan Hill,1966-02-14 06:53:42,1
Kate Folks,kfolks7m@squarespace.com,5111437788,82945 Superior Alley,1977-11-16 08:17:09,1
Cortney Goldingay,cgoldingay7n@fda.gov,3777482903,474 Sommers Parkway,1998-05-30 17:35:41,1
Bessy Yitzovicz,byitzovicz7o@sina.com.cn,5393049429,62824 5th Alley,1998-09-06 13:55:27,1
Carlye Esposito,cesposito7p@nsw.gov.au,8567639763,013 Gale Place,1994-02-06 12:44:06,1
Wandis Cullabine,wcullabine7q@apache.org,7663847726,6 Clarendon Place,1987-08-22 16:17:01,1
Carole Kruschev,ckruschev7r@pagesperso-orange.fr,4214215601,8507 Sunfield Point,1961-03-15 08:24:16,1
Jannel Anning,janning7s@clickbank.net,7277465155,164 Eagle Crest Circle,1988-08-04 23:06:50,1
Kenna Fogt,kfogt7t@home.pl,2867292879,33375 Vernon Junction,1974-05-10 21:40:01,1
Ward Paule,wpaule7u@msu.edu,2172930748,938 Shelley Junction,1971-07-14 06:55:44,1
Kilian McElrath,kmcelrath7v@example.com,6268698922,42126 Cascade Circle,1974-04-16 21:25:56,1
Ingmar Bourgeois,ibourgeois7w@flickr.com,3919851010,8747 Annamark Terrace,1966-09-19 04:02:39,1
Perceval Reolfo,preolfo7x@goodreads.com,3575622372,363 Florence Court,1993-09-11 11:22:18,1
Vittoria Kelledy,vkelledy7y@photobucket.com,7828766570,061 Elka Point,1966-02-10 01:49:33,1
Felice Lippiello,flippiello7z@ameblo.jp,6687361994,4 Rieder Park,1963-05-05 00:01:26,1
Orelie Zealy,ozealy80@bloglovin.com,2208338506,77044 American Ash Street,1973-10-11 01:00:45,1
Virginie Baptiste,vbaptiste81@howstuffworks.com,6442037376,0 Upham Park,1980-01-27 03:27:11,1
Kendell Mariner,kmariner82@flickr.com,6816361775,62 Grim Place,1963-09-02 17:56:15,1
Rozanna Abbatt,rabbatt83@archive.org,8354058770,86892 Daystar Road,2000-11-05 06:52:58,1
Juditha Mickan,jmickan84@fastcompany.com,5396263011,2983 8th Drive,1963-04-09 19:32:15,1
Blanch Casham,bcasham85@cnn.com,8774681163,09934 Ridge Oak Junction,1990-08-01 14:35:11,1
Martainn Folbige,mfolbige86@skyrock.com,1154185664,408 Hintze Road,1962-01-23 23:56:42,1
Charita Clyde,cclyde87@bluehost.com,3925318484,7 Bluestem Parkway,1968-04-19 11:49:41,1
Zared Fahrenbach,zfahrenbach88@typepad.com,6066119603,0 Sutherland Pass,1983-10-08 04:56:01,1
Olivia Klezmski,oklezmski89@state.tx.us,3213258035,61 Arkansas Crossing,1963-04-30 00:16:46,1
Gearalt Babbage,gbabbage8a@skype.com,4144065101,2 Jenifer Lane,1995-10-04 09:08:43,1
Riccardo Penn,rpenn8b@soundcloud.com,7414628360,975 Stuart Park,1989-12-20 04:44:43,1
Gus Fyldes,gfyldes8c@harvard.edu,1945445252,130 Amoth Parkway,1992-02-18 12:39:22,1
Winny Hartwell,whartwell8d@blogs.com,2224104084,94 Dawn Court,1980-03-02 08:36:19,1
Henka Djorevic,hdjorevic8e@elpais.com,6587826604,60013 Iowa Avenue,1987-12-06 11:52:41,1
Erena Brockherst,ebrockherst8f@phoca.cz,7599398230,42 Maywood Crossing,1975-08-28 22:31:07,1
Renae Agnolo,ragnolo8g@blog.com,9824036342,530 Eagan Place,2001-06-26 20:33:38,1
Beatrix McCartan,bmccartan8h@mysql.com,7648416407,732 Lerdahl Alley,1970-09-17 11:36:00,1
Faun Jenks,fjenks8i@liveinternet.ru,2438833351,4 Shelley Court,1972-02-28 09:42:35,1
Dee dee Rowson,ddee8j@facebook.com,8329396098,729 Randy Street,1969-08-04 10:51:34,1
Ali Whickman,awhickman8k@multiply.com,1082101779,2433 Cascade Center,1975-08-05 14:11:22,1
Hillary Crewdson,hcrewdson8l@discovery.com,1539025829,20 Coleman Crossing,1979-12-06 14:51:24,1
Bevon Bloxham,bbloxham8m@adobe.com,9069366675,48 Green Center,1996-09-17 02:10:35,1
Homer Marchello,hmarchello8n@auda.org.au,4919617608,7 Bunting Lane,1995-05-18 21:55:26,1
Shannan O'Crowley,socrowley8o@phpbb.com,5003301453,099 Fieldstone Plaza,2002-06-01 08:31:32,1
Rafaelia Claxton,rclaxton8p@who.int,7707771779,9 Fulton Avenue,1989-06-01 13:24:52,1
Sharona Jirsa,sjirsa8q@whitehouse.gov,7211402447,2 Hanson Court,1979-01-26 09:57:38,1
Corrianne Trapp,ctrapp8r@delicious.com,5815084145,478 Westridge Circle,1984-07-15 04:24:26,1
Hermann Fotherby,hfotherby8s@dyndns.org,9849469091,3 Merrick Crossing,1992-04-18 08:07:33,1
Justin Jovis,jjovis8t@ezinearticles.com,3739775783,69 Crescent Oaks Circle,2000-12-28 01:19:56,1
Gale Cadogan,gcadogan8u@jiathis.com,4513123269,4321 Londonderry Street,1985-01-19 15:48:41,1
Nickolas Mulqueeny,nmulqueeny8v@unblog.fr,1533103331,013 Carioca Alley,1971-05-26 12:31:33,1
Shellie Cobb,scobb8w@goo.gl,4796702006,94203 Mandrake Court,1997-02-22 18:31:14,1
Yvonne McClunaghan,ymcclunaghan8x@patch.com,4157634938,9 Buhler Terrace,1964-11-01 02:47:43,1
Albert Sexon,asexon8y@wiley.com,8174245088,2512 Coolidge Pass,1987-08-18 07:08:55,1
Papagena Risen,prisen8z@biblegateway.com,6119562608,765 Delaware Drive,1986-06-01 09:02:57,1
Temp Stovold,tstovold90@youtu.be,2113032070,34 Carioca Place,1966-04-02 19:15:32,1
Roxana Bagby,rbagby91@toplist.cz,3176367653,4821 Roth Street,1991-04-14 13:53:41,1
Emilia Hillen,ehillen92@bloglovin.com,3722213704,3 Express Street,1966-02-14 23:48:08,1
Aldin MacMenemy,amacmenemy93@drupal.org,8506973697,0365 Blue Bill Park Road,1982-01-02 11:49:07,1
Joye Robker,jrobker94@bloomberg.com,3272731985,322 Mendota Lane,1988-10-30 00:43:57,1
Edita Dell,edell95@multiply.com,3994402839,61 Arrowood Plaza,1991-04-22 00:51:05,1
Zollie Kimbrough,zkimbrough96@live.com,4285522293,2 Burrows Drive,2003-06-24 09:24:58,1
Chaunce Madgwick,cmadgwick97@diigo.com,1027944773,500 Dennis Hill,1975-11-19 19:41:28,1
Stanwood Meugens,smeugens98@bravesites.com,7709963118,50802 Weeping Birch Drive,1988-08-26 07:50:35,1
Gawain Myott,gmyott99@merriam-webster.com,1381729516,0 Briar Crest Center,1977-01-08 23:26:16,1
Filmer Diboll,fdiboll9a@devhub.com,1439904118,4 Green Park,1960-01-28 15:24:41,1
Sybille Clubley,sclubley9b@yolasite.com,2211965178,10765 Beilfuss Drive,1992-08-23 16:54:38,1
Normand Crampsy,ncrampsy9c@1688.com,9535240718,3 Hovde Trail,1961-06-16 15:35:20,1
Jacinda Sanchiz,jsanchiz9d@networksolutions.com,7723150065,9390 Mesta Trail,1976-11-05 09:57:31,1
Foss Reddlesden,freddlesden9e@parallels.com,4504411943,3589 Gina Crossing,1969-10-11 03:46:53,1
Cybill Clemmen,cclemmen9f@networkadvertising.org,4279707367,8294 Southridge Park,1971-05-05 15:43:20,1
Terrence MacLeod,tmacleod9g@nih.gov,3727261645,08005 4th Avenue,1960-05-09 11:00:29,1
Rebecka Stiegers,rstiegers9h@blogtalkradio.com,8586698642,69 Pond Hill,1992-03-26 17:53:44,1
Zilvia West,zwest9i@google.co.jp,5195880004,50 Dahle Center,1999-08-17 13:09:44,1
Jeffry Effnert,jeffnert9j@oakley.com,4024260491,3598 Logan Parkway,1981-05-21 21:23:21,1
Hilliary Gamell,hgamell9k@nbcnews.com,2279202599,92153 Mayer Parkway,1973-08-16 10:45:30,1
Rorke Olver,rolver9l@cargocollective.com,2673085452,22 Lighthouse Bay Way,1994-10-19 02:28:12,1
Ossie Stonbridge,ostonbridge9m@blinklist.com,8694633217,3 Forest Dale Crossing,1970-03-18 23:16:59,1
Boycey Abrahamson,babrahamson9n@drupal.org,4078382647,49 Dryden Hill,1996-03-27 14:26:45,1
Dani Blumson,dblumson9o@state.tx.us,6565603336,6199 Chinook Hill,1987-05-30 18:01:29,1
Dolph Castard,dcastard9p@ameblo.jp,1408685010,06 Menomonie Alley,1985-09-19 00:39:44,1
Naoma Tayler,ntayler9q@eventbrite.com,1359810718,98 Bluestem Point,2000-01-12 22:01:25,1
Elna Sancho,esancho9r@topsy.com,3905740165,9292 Warrior Trail,1992-06-21 13:38:18,1
Di Swalwel,dswalwel9s@amazon.com,7533790061,4302 Meadow Vale Road,1963-11-12 15:47:24,1
Madelene Nadin,mnadin9t@wiley.com,1319109861,2735 4th Alley,1967-10-02 01:26:10,1
Dane Swindells,dswindells9u@wired.com,1703697649,07 2nd Place,1991-04-02 09:24:59,1
Sharla McCoughan,smccoughan9v@bluehost.com,6915962433,83287 Texas Pass,1965-03-23 04:17:07,1
Thomasine Grancher,tgrancher9w@1und1.de,6902793938,64691 Roxbury Drive,1965-04-02 22:28:08,1
Robinetta Stephen,rstephen9x@de.vu,9406426666,64707 Barnett Junction,1995-07-24 23:47:19,1
Neel Towns,ntowns9y@biblegateway.com,7208823629,23 Sunfield Place,1973-12-21 23:16:14,1
Ricky Merchant,rmerchant9z@paginegialle.it,1557470300,87603 Waxwing Hill,1986-09-21 17:01:43,1
Noland De Ambrosis,ndea0@slideshare.net,1194601767,2 Main Junction,1964-06-24 21:47:00,1
Jae Kinlock,jkinlocka1@scribd.com,3862010457,5223 Merry Pass,1989-11-30 08:08:31,1
Desirae Omrod,domroda2@spiegel.de,2178310492,47477 Dorton Terrace,1962-08-05 19:07:21,1
Toby Slessor,tslessora3@mayoclinic.com,9378281295,02 Londonderry Street,1982-05-09 03:08:33,1
Noelle Griffithe,ngriffithea4@bizjournals.com,5132622081,2878 Harbort Junction,2002-10-16 18:20:44,1
Mayer Behninck,mbehnincka5@answers.com,1958864299,17483 Killdeer Road,1974-10-28 08:15:24,1
Mattias Mundee,mmundeea6@ibm.com,3393326221,59 Memorial Plaza,1979-12-13 05:57:29,1
Dorise Yeulet,dyeuleta7@cpanel.net,9713610402,34706 Hallows Park,1982-02-19 21:04:08,1
Meris Woodage,mwoodagea8@oracle.com,8583400180,3 Pierstorff Avenue,1979-10-17 08:50:30,1
Nonah Hadeke,nhadekea9@loc.gov,5532521849,764 Hanson Plaza,1990-01-01 23:20:13,1
Netti Woodroff,nwoodroffaa@wordpress.org,4601979025,113 Utah Point,1965-02-16 05:30:07,1
Phylis Nitto,pnittoab@aol.com,3296750910,4 Hagan Circle,2000-04-09 10:50:52,1
Nanni Tennant,ntennantac@ebay.co.uk,3585515707,6915 Springs Park,1962-05-15 20:29:17,1
Danny Sherrington,dsherringtonad@studiopress.com,8811822851,461 Gulseth Avenue,1980-07-21 05:23:06,1
Danila Willers,dwillersae@npr.org,8494365635,6541 Montana Alley,1968-08-19 06:48:12,1
Gaven Fitchett,gfitchettaf@mysql.com,1269782880,45 Hayes Drive,1996-01-22 00:40:30,1
Celina Westmore,cwestmoreag@ed.gov,1193438220,37 Northview Alley,1998-06-15 20:13:30,1
Jacquelin Champ,jchampah@telegraph.co.uk,9114199215,7398 Sutteridge Drive,1975-12-31 16:31:04,1
Gabbi Formie,gformieai@yahoo.co.jp,6295457008,10 Pond Terrace,1979-04-06 14:11:01,1
Milka Tarbert,mtarbertaj@symantec.com,2069399013,5 Division Plaza,1981-05-10 04:26:25,1
Fraze Gurg,fgurgak@artisteer.com,7916280956,5 Loftsgordon Terrace,1981-10-06 05:11:33,1
Cointon Woodland,cwoodlandal@vinaora.com,5801111316,75615 Hudson Junction,1982-11-16 20:25:52,1
Dom Vina,dvinaam@instagram.com,2349002662,63 Loomis Hill,1962-08-08 00:37:12,1
Flossi Ripping,frippingan@plala.or.jp,3758599348,34 Boyd Street,1968-03-27 08:11:08,1
Lindsey Dooman,ldoomanao@wiley.com,3867392121,515 Judy Court,1987-09-23 01:37:27,1
Ty Johananov,tjohananovap@nsw.gov.au,6899152584,4 Corben Parkway,1983-04-20 05:07:40,1
Gwenore Chamberlain,gchamberlainaq@google.com,4686209058,2 Transport Drive,1995-07-05 13:22:57,1
Tove Lansbury,tlansburyar@patch.com,7977137038,588 Mitchell Lane,2003-09-09 21:45:04,1
Thaddeus Paddick,tpaddickas@google.com,1291475428,15074 Kings Point,1968-08-12 21:37:23,1
Etheline Banyard,ebanyardat@i2i.jp,9745221194,93 Logan Crossing,1964-10-22 20:38:15,1
Dennie Orgee,dorgeeau@tripadvisor.com,2986195682,8 Memorial Drive,1964-12-19 14:57:51,1
Livy Mingey,lmingeyav@google.cn,5993479798,00 Delladonna Road,1963-12-21 06:13:33,1
Nolan Benham,nbenhamaw@guardian.co.uk,8321679421,920 Scofield Way,2001-04-21 05:22:21,1
Guido Steven,gstevenax@sourceforge.net,5594973898,914 Ohio Trail,2001-01-08 02:54:36,1
Emelina Dye,edyeay@xing.com,9369960176,41902 Gateway Lane,1995-01-31 07:24:30,1
Menard Erb,merbaz@etsy.com,1923311888,3 Veith Plaza,2001-02-01 05:34:04,1
Luisa Linsay,llinsayb0@statcounter.com,7692276058,69 Vermont Place,1964-04-08 05:27:27,1
Louis Aleksandrev,laleksandrevb1@sun.com,4908825389,52872 Spenser Alley,1976-12-13 21:04:45,1
Eugenia Waycot,ewaycotb2@rediff.com,1151248576,728 Scofield Place,1986-06-27 08:42:18,1
Kai Wheldon,kwheldonb3@pcworld.com,5433169296,519 Dawn Drive,1961-02-04 17:57:06,1
Shayne Bernini,sberninib4@shinystat.com,2709277879,93692 Troy Court,1979-02-07 09:18:15,1
Brigitta Fibbens,bfibbensb5@cam.ac.uk,5356115910,17 Toban Terrace,1970-05-05 23:02:55,1
Ric Gyde,rgydeb6@example.com,6167847692,6316 Hagan Center,1982-12-04 19:40:53,1
Thaddeus Bunson,tbunsonb7@state.tx.us,8625393111,6 Myrtle Hill,1965-07-27 19:49:55,1
Cass Hune,chuneb8@virginia.edu,2547553856,98 Continental Park,1965-07-28 02:11:40,1
Rozanne Fiddiman,rfiddimanb9@earthlink.net,6728591455,99 Delladonna Junction,1960-01-29 16:26:55,1
Dall Lafontaine,dlafontaineba@hibu.com,2072175302,97251 Anhalt Terrace,1987-10-20 11:36:42,1
Caddric Cutting,ccuttingbb@ucoz.ru,5718466789,4773 Thackeray Lane,1975-11-05 12:40:25,1
Janie Valenta,jvalentabc@sphinn.com,4241679253,0716 Summer Ridge Place,1966-07-12 17:20:36,1
Dwight Addis,daddisbd@dmoz.org,5624483631,96 Lyons Junction,1982-01-03 19:40:21,1
Talyah Palatini,tpalatinibe@boston.com,2583448648,75 Corben Park,1968-02-28 10:40:29,1
Zora Stockport,zstockportbf@yahoo.co.jp,7357227093,880 Lyons Street,1993-09-04 09:50:02,1
Alan Rammell,arammellbg@discovery.com,8121465066,00 Algoma Plaza,1997-08-21 04:38:48,1
Theda Impson,timpsonbh@wsj.com,3079264329,96924 Tony Junction,1969-12-24 07:59:33,1
Lorrie Jerisch,ljerischbi@bloglovin.com,7539667175,92325 Sugar Street,1968-01-10 12:30:07,1
Dana Sissot,dsissotbj@google.nl,7694411197,448 Roth Court,2003-12-02 19:31:21,1
Edan Faber,efaberbk@deviantart.com,9432888938,40235 Mallory Circle,1984-07-19 17:31:07,1
Arliene Skeggs,askeggsbl@canalblog.com,5709359549,150 Kropf Junction,1973-03-03 01:52:50,1
Rodie Papachristophorou,rpapachristophoroubm@xinhuanet.com,2241433707,318 Independence Place,1985-11-08 07:14:39,1
Steffie Roome,sroomebn@goo.gl,6588602742,9997 Shelley Street,1979-04-01 03:02:29,1
Orrin Arnfield,oarnfieldbo@mediafire.com,1172563261,4 Boyd Street,1972-01-05 15:16:45,1
Nobe Marthen,nmarthenbp@delicious.com,3949128269,83457 Kenwood Lane,1998-08-10 04:04:26,1
Hewe Jancso,hjancsobq@etsy.com,7111288857,8 Forest Dale Crossing,1985-05-28 09:37:30,1
Henri Brownstein,hbrownsteinbr@apache.org,2728438378,4 Anzinger Pass,1989-03-15 06:49:50,1
Nissie Kemmons,nkemmonsbs@alibaba.com,3935510605,55670 Continental Parkway,1980-11-19 13:16:37,1
Cordie Garvan,cgarvanbt@oaic.gov.au,8497869532,3724 Toban Point,1989-12-22 13:20:43,1
Misha De Hoogh,mdebu@state.tx.us,6069619455,889 Talmadge Trail,1976-01-13 12:43:39,1
Gus Smorthit,gsmorthitbv@w3.org,6107911552,65 Farmco Way,1987-07-06 13:42:57,1
Willy Huygen,whuygenbw@youtube.com,7283684776,64940 Stone Corner Terrace,1991-09-13 12:25:15,1
Bartolemo Abys,babysbx@phpbb.com,4376856795,8 Chinook Way,1970-12-10 06:22:45,1
Tamqrah Stiffkins,tstiffkinsby@elpais.com,7324695586,0462 Eagle Crest Street,1982-02-02 05:14:08,1
Daisey Frawley,dfrawleybz@earthlink.net,2906354093,544 Main Terrace,1974-10-23 00:58:52,1
Valle Ridolfo,vridolfoc0@mtv.com,2034300872,15875 Menomonie Crossing,1978-09-02 22:21:57,1
Quintin Stabbins,qstabbinsc1@bloglovin.com,5221268012,069 Hanson Alley,1985-10-05 19:16:37,1
Gardiner Mogenot,gmogenotc2@tinypic.com,1944321916,9 Marcy Way,1994-09-13 03:05:20,1
Nil Chevers,ncheversc3@godaddy.com,2224924988,71 Dawn Way,1992-02-23 13:07:28,1
Martyn Denk,mdenkc4@ustream.tv,9228054321,412 Stephen Hill,1978-01-09 19:04:39,1
Fidelia Laingmaid,flaingmaidc5@sina.com.cn,6611574915,67 Toban Junction,1993-06-28 01:20:43,1
Germain Kerman,gkermanc6@google.fr,7085410059,405 Kennedy Court,1969-03-31 01:20:12,1
Lauren Perrins,lperrinsc7@marriott.com,1095970776,67 Nova Park,1979-09-25 23:06:04,1
Michaella Houlden,mhouldenc8@go.com,8198229069,413 Darwin Point,1994-05-07 12:11:05,1
Lowell Oliveras,loliverasc9@loc.gov,1411461263,19189 Cordelia Avenue,1962-05-18 10:10:16,1
Gaby Sidey,gsideyca@flavors.me,1179571154,24560 Melby Circle,1989-12-22 01:40:29,1
Courtney Grady,cgradycb@scribd.com,4989371500,32694 Esker Place,1986-04-04 19:52:42,1
Courtney McFfaden,cmcffadencc@whitehouse.gov,5866905155,33 La Follette Alley,1999-12-07 13:22:14,1
Damien Ruggieri,druggiericd@skyrock.com,4125734715,8440 Sloan Crossing,1974-03-20 20:50:07,1
Jeanna Todeo,jtodeoce@army.mil,7843716968,290 Cherokee Road,1994-02-03 10:30:02,1
Anderson Flinn,aflinncf@state.tx.us,7783667719,3 Haas Trail,1982-01-23 02:37:06,1
Lawry Solland,lsollandcg@nps.gov,5181202757,38 Morrow Pass,1988-06-05 06:40:32,1
Melonie Henze,mhenzech@walmart.com,8975705822,72341 Jay Alley,1996-05-18 10:04:48,1
Tamarah Lyddon,tlyddonci@mayoclinic.com,4214346874,859 Manitowish Place,1999-04-17 13:41:13,1
Mirabella Clampe,mclampecj@vk.com,9897919217,07 Leroy Point,1962-06-12 21:50:07,1
Jocko Weems,jweemsck@51.la,3074581784,0564 Merchant Drive,2001-10-14 03:40:40,1
Burl Dashper,bdashpercl@networkadvertising.org,6334450033,04091 Laurel Plaza,1972-03-08 21:16:39,1
Merv Jolly,mjollycm@nasa.gov,6257916328,555 Moose Way,1976-01-28 09:12:58,1
Keven Wearden,kweardencn@businessinsider.com,5644960632,2 Kenwood Junction,1981-03-03 12:26:10,1
Correy Demoge,cdemogeco@qq.com,4976455622,95 Ridgeview Drive,1979-05-13 00:33:20,1
Rosaleen Huntley,rhuntleycp@apple.com,1596030076,40 Lukken Circle,1961-04-23 13:05:56,1
Blanch Salleir,bsalleircq@sphinn.com,8313112118,799 Dennis Plaza,1977-10-20 21:04:30,1
Tierney Dumberrill,tdumberrillcr@bbb.org,6901227709,000 Calypso Hill,1961-12-16 21:02:55,1
Dur Covotti,dcovottics@umn.edu,4562001770,8 Tony Court,1997-08-15 03:31:08,1
Roddie Simunek,rsimunekct@purevolume.com,2133216865,8990 Hovde Alley,1999-07-12 13:01:21,1
Marjorie Plevey,mpleveycu@sohu.com,1242951468,5809 Sloan Parkway,1965-10-08 19:37:53,1
Dew Drummond,ddrummondcv@gravatar.com,2104978420,7 Hallows Trail,1966-10-24 04:09:41,1
Linus Koppel,lkoppelcw@wired.com,2443820285,5087 Hoard Street,1971-11-12 01:11:33,1
Kayley Titterington,ktitteringtoncx@yellowpages.com,6718000331,5928 Village Hill,1980-04-02 16:51:15,1
Tadeas Carass,tcarasscy@php.net,8374489958,808 Acker Plaza,1974-11-22 11:55:58,1
Jody Mountfort,jmountfortcz@amazon.de,7822823905,19 Veith Road,1982-03-11 17:11:24,1
Ramsay Lytlle,rlytlled0@opera.com,5263552317,04 Merchant Trail,1987-12-01 13:27:11,1
Wait Zink,wzinkd1@illinois.edu,7166074892,921 Marcy Street,1999-04-11 17:11:58,1
Pearl Delcastel,pdelcasteld2@linkedin.com,3745181214,6 Westport Junction,2002-06-12 02:59:31,1
Marna Avramovitz,mavramovitzd3@tinyurl.com,9119296215,500 Lukken Lane,1965-05-02 20:40:42,1
Fannie Crossdale,fcrossdaled4@bizjournals.com,6881889858,12 Jenna Hill,1993-07-24 09:36:12,1
Cally Loges,clogesd5@amazon.co.jp,6567530041,69269 Nelson Hill,1998-03-05 15:58:44,1
Bord Sparkes,bsparkesd6@nydailynews.com,4409938901,62 Homewood Way,1994-08-05 07:47:22,1
Silvie Jay,sjayd7@salon.com,8332241203,1447 Roxbury Center,1975-10-13 03:00:55,1
Tito Ennew,tennewd8@state.gov,9477985343,3464 Ramsey Terrace,1977-06-11 20:11:10,1
Cammi Hartwright,chartwrightd9@pcworld.com,8187543039,2 Valley Edge Park,1982-02-27 20:43:04,1
Beverlee Pellew,bpellewda@accuweather.com,4709967386,4403 Fuller Circle,1977-01-03 04:53:30,1
Jon Hover,jhoverdb@state.gov,4814536808,26506 Vermont Road,1974-11-15 12:25:11,1
Lorrin Jerdon,ljerdondc@nasa.gov,2394102445,69486 Lakewood Gardens Street,1964-01-10 18:10:54,1
Shannon Dawtre,sdawtredd@google.com.au,3653468438,342 New Castle Alley,1973-10-10 12:31:11,1
Tedmund Elkins,telkinsde@spiegel.de,4143128524,63464 Moland Drive,1967-02-05 15:35:32,1
Bernice Ferreli,bferrelidf@zimbio.com,6769980230,4859 Springview Road,2001-06-24 21:04:41,1
Packston Ubsdell,pubsdelldg@ed.gov,5345826844,08 Farragut Terrace,1993-05-07 02:10:41,1
Karie Gomme,kgommedh@dot.gov,9989908323,9 Bellgrove Plaza,1998-04-22 13:27:03,1
May Geering,mgeeringdi@toplist.cz,4121167863,6915 Thackeray Pass,1966-05-24 21:55:58,1
Marcela Cavendish,mcavendishdj@slashdot.org,7884863208,515 Columbus Center,1987-01-28 10:03:49,1
Lind Suttle,lsuttledk@jigsy.com,7481362904,6 Forest Run Place,1966-02-24 15:58:10,1
Brad Losty,blostydl@skyrock.com,9394866992,28928 Hollow Ridge Parkway,1983-08-11 09:05:32,1
Norbert Nodes,nnodesdm@admin.ch,1831398999,2812 Coleman Park,1988-11-15 06:25:31,1
Janaya Clayworth,jclayworthdn@fda.gov,3889780268,17 Melrose Crossing,1977-07-29 20:04:50,1
Scarlet Meconi,smeconido@telegraph.co.uk,8671501931,27031 Nancy Drive,1974-07-13 20:07:06,1
Jillana Bean,jbeandp@google.co.jp,8535011158,72094 Thompson Street,1998-10-13 07:44:36,1
Cad Verrico,cverricodq@nba.com,1493198999,8 Thackeray Junction,1988-08-26 18:14:52,1
Vi Gerardot,vgerardotdr@mac.com,6427293124,70 Old Shore Parkway,1971-07-04 00:35:11,1
Marchelle Sutherington,msutheringtonds@shutterfly.com,8795461201,7411 Shopko Avenue,1965-07-14 04:36:32,1
Penn Vane,pvanedt@flavors.me,6131843684,8 Blackbird Place,1992-05-08 04:37:33,1
Marcille Drohan,mdrohandu@china.com.cn,5533456237,13249 Lakewood Crossing,1984-09-13 06:48:25,1
Jake Hannant,jhannantdv@ucoz.ru,2153271485,8 Almo Pass,1979-08-08 04:04:24,1
Wynne Tickle,wtickledw@ihg.com,9094917855,86365 Macpherson Terrace,1963-07-25 22:11:56,1
Paula Kingsford,pkingsforddx@msn.com,8358675932,11171 Saint Paul Pass,1989-06-26 12:13:45,1
Filippa Puddefoot,fpuddefootdy@amazon.co.jp,6005169793,7638 Truax Crossing,1998-02-01 09:08:03,1
Raleigh MacGille,rmacgilledz@youtu.be,1796917339,63 Katie Avenue,1964-01-21 17:39:40,1
Colene Rapaport,crapaporte0@constantcontact.com,7728541755,24 Washington Court,1970-05-19 02:00:53,1
Rodge Newcome,rnewcomee1@engadget.com,3715047667,35 Warbler Street,1983-04-12 01:50:35,1
Caresa Brayson,cbraysone2@tamu.edu,5834138899,46 Mcbride Avenue,1981-11-12 10:24:00,1
Rodrick Colmer,rcolmere3@plala.or.jp,8574346839,86 Sunbrook Point,1987-08-31 20:36:04,1
Bertine O'Fogerty,bofogertye4@biblegateway.com,8726325253,4 Westridge Avenue,1972-11-02 05:50:14,1
Jermaine Whitman,jwhitmane5@washington.edu,8927786313,593 Comanche Plaza,2000-12-01 20:38:53,1
Brose Hart,bharte6@skype.com,2481998613,934 John Wall Street,1971-06-07 10:32:27,1
Charla Chrystal,cchrystale7@shareasale.com,8928755045,885 Portage Crossing,1998-03-13 14:47:44,1
Goddard Dows,gdowse8@github.io,4624286195,6 Sachs Way,1972-12-27 13:50:09,1
Meredeth Stockell,mstockelle9@elegantthemes.com,2473789932,1100 Tony Trail,1967-11-13 20:59:41,1
Collie Kanter,ckanterea@yahoo.co.jp,1199000397,03 Bobwhite Court,1963-07-30 18:50:32,1
Brandie Abrahim,babrahimeb@51.la,4786054674,101 Bonner Circle,1966-07-17 21:39:17,1
Sisile Bummfrey,sbummfreyec@domainmarket.com,4829228516,33087 Oxford Hill,1992-05-16 05:09:21,1
Colver Tarbin,ctarbined@usatoday.com,5666496453,781 Eastlawn Point,1978-12-13 20:33:53,1
Letti Fowley,lfowleyee@google.ca,7055155027,90830 Graceland Plaza,1996-02-21 17:07:18,1
George Witherdon,gwitherdonef@aboutads.info,4703102444,99858 Parkside Road,1991-01-14 22:34:33,1
Hashim Kingsnod,hkingsnodeg@smugmug.com,3621280126,0 Oakridge Terrace,1972-04-17 19:14:17,1
Heida Pfeffle,hpfeffleeh@wikispaces.com,6741670963,73514 Clyde Gallagher Way,2003-09-22 22:38:26,1
Dulciana Kop,dkopei@spotify.com,9035138695,46382 Bay Pass,2000-11-08 05:40:29,1
Alethea Pietruszka,apietruszkaej@irs.gov,8876786805,9 Shelley Alley,2000-09-07 11:41:40,1
Clarita Redsell,credsellek@psu.edu,4052859260,7 Canary Plaza,1987-09-10 21:03:02,1
Karin Geeraert,kgeeraertel@pbs.org,7209664684,33 Bultman Park,1983-02-22 17:27:10,1
Lise Bransden,lbransdenem@comsenz.com,1599643937,1615 Chive Terrace,1965-09-09 20:21:57,1
Phineas Hazel,phazelen@chronoengine.com,8296686035,24209 Bluestem Point,2001-07-01 14:29:56,1
Traci Keighly,tkeighlyeo@youtu.be,8707463441,19307 Upham Drive,1978-07-17 04:11:18,1
Aurelia Hewes,ahewesep@amazon.co.jp,5036069188,84 Continental Lane,1961-02-14 23:36:15,1
Donnie Lanphier,dlanphiereq@wikispaces.com,6662932914,73 Merchant Point,1982-03-19 15:01:38,1
Justina Cowe,jcoweer@t-online.de,4837103429,7 Mendota Terrace,1982-09-01 21:02:42,1
Nikolia Heggie,nheggiees@geocities.com,4423426963,9 Center Way,1989-08-02 00:58:30,1
Ingamar Timewell,itimewellet@stanford.edu,4604550395,20 Forest Run Alley,1962-04-12 08:34:06,1
Hew Woolveridge,hwoolveridgeeu@soup.io,5374385655,3 Arkansas Crossing,1960-06-08 06:48:15,1
Kurt Marjoribanks,kmarjoribanksev@mysql.com,5314184607,3 Oakridge Terrace,1969-08-16 12:23:26,1
Kendricks Andraud,kandraudew@istockphoto.com,3598463031,38 Springs Plaza,1981-04-24 14:29:35,1
Emili Struttman,estruttmanex@moonfruit.com,4661466135,2 Maple Place,1961-10-23 01:38:15,1
Brier Fosbraey,bfosbraeyey@house.gov,3268687052,055 Doe Crossing Center,2002-08-04 08:50:41,1
Merline Corness,mcornessez@rakuten.co.jp,3919390631,11 Manitowish Pass,1993-06-20 05:23:27,1
Aarika Bengal,abengalf0@unblog.fr,7945415870,72 Dryden Hill,1995-06-08 16:40:24,1
Rozalin Veld,rveldf1@tripadvisor.com,9805424801,6370 Stang Hill,1980-01-10 20:45:11,1
Sky Covolini,scovolinif2@ustream.tv,2574570352,750 Springs Drive,1999-12-04 04:24:30,1
Kate Gianolini,kgianolinif3@si.edu,9995490212,4 Service Point,1963-12-17 09:12:13,1
Alyss Junes,ajunesf4@dyndns.org,4652019982,33 Shoshone Trail,1974-05-24 11:32:09,1
Myrtice Spurryer,mspurryerf5@deviantart.com,5906726531,21905 Onsgard Point,1968-10-07 19:53:10,1
Gilli Helliker,ghellikerf6@istockphoto.com,7237948584,3 Summer Ridge Lane,1976-12-03 16:12:52,1
Oralia Hunnicutt,ohunnicuttf7@networksolutions.com,8045775869,8 Pond Road,1970-01-10 18:53:51,1
Colleen Blaxlande,cblaxlandef8@cbslocal.com,8462905107,23460 Fuller Way,1972-02-19 21:47:43,1
Lannie Franscioni,lfranscionif9@hc360.com,8343126929,5518 Fair Oaks Pass,1967-11-23 04:40:48,1
Godiva Doe,gdoefa@storify.com,4278534192,9289 Paget Lane,1994-03-02 01:42:15,1
Allsun Collaton,acollatonfb@topsy.com,9692173737,13352 Gale Crossing,1960-05-31 04:02:35,1
Garrett Danilowicz,gdanilowiczfc@dropbox.com,2844522313,48789 Sauthoff Hill,1982-05-25 00:32:56,1
Jackson Downer,jdownerfd@nature.com,9014915564,4564 Bluestem Alley,1999-01-03 19:20:18,1
Mechelle Leve,mlevefe@addtoany.com,8028095472,60 Fulton Pass,1994-02-27 22:11:41,1
Hermione Etchingham,hetchinghamff@blog.com,4027608353,83973 Parkside Terrace,1989-01-05 12:46:54,1
Bebe Retallack,bretallackfg@example.com,5523784813,9 5th Park,2003-07-20 12:13:24,1
Skippie Grimbaldeston,sgrimbaldestonfh@bigcartel.com,2133566804,7850 Brickson Park Hill,1976-06-08 03:55:10,1
Mahmud Staite,mstaitefi@drupal.org,6909278940,3856 Waywood Alley,1969-05-08 14:16:19,1
Valentijn Allridge,vallridgefj@wp.com,6894682885,83384 Morrow Hill,1996-04-17 03:47:59,1
Kelli Szimoni,kszimonifk@plala.or.jp,2092083003,083 Surrey Lane,1985-06-02 20:40:19,1
Norris Glossup,nglossupfl@cbsnews.com,9711416936,8 Coleman Road,1993-01-21 07:50:48,1
Moselle Kaemena,mkaemenafm@tuttocitta.it,4086450130,6 Lakeland Way,1962-06-25 05:09:52,1
Maire Highwood,mhighwoodfn@symantec.com,3247996709,8386 Northview Point,1971-04-21 04:29:03,1
Any Auger,aaugerfo@thetimes.co.uk,9145179207,50 Calypso Lane,2001-08-12 18:53:42,1
Clayborn Bonas,cbonasfp@mac.com,1002049266,7 Nevada Pass,1976-10-21 08:13:12,1
Bobbi Ruddoch,bruddochfq@digg.com,9863617384,6567 Nelson Center,1977-06-19 08:05:09,1
Lucinda Sebley,lsebleyfr@163.com,9863779568,56 Swallow Park,1971-01-24 00:03:33,1
Quentin Merrick,qmerrickfs@weibo.com,1594428106,4 Texas Avenue,1964-05-29 08:14:47,1
Harry Wilkowski,hwilkowskift@eventbrite.com,8792348050,72 Clemons Terrace,1966-11-26 03:46:40,1
Fons Sisse,fsissefu@histats.com,6788502554,00359 Manufacturers Lane,1964-08-14 17:30:01,1
Concettina Dillingston,cdillingstonfv@etsy.com,8289423573,0804 Lakewood Gardens Circle,2001-06-10 06:26:00,1
Liva Greenacre,lgreenacrefw@japanpost.jp,4615528879,6 Logan Lane,1993-08-18 21:09:38,1
Myrvyn Flescher,mflescherfx@51.la,8048580611,9194 Erie Hill,1998-10-15 18:28:20,1
Leopold Heinsen,lheinsenfy@tamu.edu,2771346364,3 Crescent Oaks Terrace,1963-09-09 03:55:23,1
Lazare Shinton,lshintonfz@weibo.com,2113469614,444 Stoughton Trail,1979-11-06 21:48:05,1
Wolfgang Hastings,whastingsg0@1688.com,5477914190,121 Talisman Center,1974-05-17 09:02:04,1
Ferdinande Kike,fkikeg1@multiply.com,1551952325,5894 Red Cloud Street,1979-05-13 15:17:04,1
Willdon Serridge,wserridgeg2@ning.com,1301950525,39 Anniversary Road,1976-03-06 07:04:57,1
Ricardo Lowdeane,rlowdeaneg3@ed.gov,5484950401,968 Jackson Alley,1986-12-01 00:56:00,1
Annamaria Reaney,areaneyg4@telegraph.co.uk,6967692744,6079 Bartillon Terrace,1988-12-01 15:19:19,1
Sheilakathryn Toplis,stoplisg5@facebook.com,7541191841,62784 Trailsway Road,1963-03-16 22:46:14,1
Denny Biscomb,dbiscombg6@wikipedia.org,8637576975,57 Quincy Avenue,1964-06-24 06:39:52,1
Lenora Tunnah,ltunnahg7@businessweek.com,5666755193,2910 Warrior Way,1985-01-03 23:37:38,1
Ward Tossell,wtossellg8@tinypic.com,1039220777,7908 Bultman Road,1968-07-15 20:53:56,1
Gayle Large,glargeg9@chron.com,4409318685,738 Sutteridge Alley,1991-11-14 14:25:51,1
Berri Grasser,bgrasserga@mac.com,2293727066,05 Kedzie Hill,1983-06-10 15:47:17,1
Gaye McAllaster,gmcallastergb@google.co.uk,7835214336,98185 Continental Park,1975-01-12 20:27:02,1
Guss Colquit,gcolquitgc@howstuffworks.com,3352170472,811 Superior Drive,1985-11-27 12:57:38,1
Alane Gethouse,agethousegd@bizjournals.com,9122912362,60778 New Castle Terrace,2003-12-25 12:23:28,1
Valera McElrath,vmcelrathge@sohu.com,4527196701,382 Meadow Vale Alley,1961-08-13 21:01:19,1
Halie Cassius,hcassiusgf@ifeng.com,3449923780,94367 Ohio Center,1984-07-09 13:32:57,1
Sheela Arne,sarnegg@biglobe.ne.jp,6119710510,2400 Sugar Place,1987-10-27 19:46:14,1
Dennie Dowse,ddowsegh@newyorker.com,9439124375,54833 Butternut Avenue,1966-12-16 23:46:13,1
Mariette Lansley,mlansleygi@ibm.com,3593920139,479 Dorton Junction,1976-01-31 14:09:56,1
Stavro Tatem,statemgj@noaa.gov,5247130735,4 Arapahoe Crossing,1998-06-05 10:32:33,1
Melodee Gerner,mgernergk@latimes.com,6218349997,5115 Clemons Alley,1992-05-31 02:14:09,1
Christi Bourbon,cbourbongl@ovh.net,4866923111,557 Waywood Drive,1974-08-10 15:38:25,1
Celestia Balfre,cbalfregm@jiathis.com,2159475309,51 Golf Course Way,1994-06-04 04:02:36,1
Heindrick Livzey,hlivzeygn@zimbio.com,1291349907,297 Fairview Circle,1993-04-11 04:04:03,1
Pauly Durling,pdurlinggo@mapy.cz,4905587914,422 Porter Terrace,1988-03-02 23:03:36,1
Gennifer Montel,gmontelgp@purevolume.com,2273762808,63670 Ridgeway Terrace,1984-07-31 20:40:00,1
Shalne Janiak,sjaniakgq@fda.gov,5447555828,4200 Hallows Street,1960-09-14 08:08:27,1
Alexi Rouchy,arouchygr@yahoo.co.jp,1838365901,9626 Hoepker Drive,1970-09-15 03:46:29,1
Mattias Withull,mwithullgs@drupal.org,8896064719,5 Vera Crossing,1964-12-19 04:02:18,1
Marnie O'Keeffe,mokeeffegt@livejournal.com,8772166353,3475 Ridge Oak Court,1991-10-16 02:30:05,1
Blondie Rosander,brosandergu@myspace.com,5406878255,48537 Everett Avenue,1967-02-13 22:46:00,1
Kylen Found,kfoundgv@amazon.co.uk,9059237140,59958 Katie Parkway,1966-12-21 09:26:24,1
Arleta Lymer,alymergw@seesaa.net,3819004468,169 Delladonna Avenue,1978-12-06 13:07:45,1
Leroy Lackinton,llackintongx@jugem.jp,1583617162,7762 Helena Plaza,1961-05-11 16:27:04,1
Henrik Joules,hjoulesgy@chronoengine.com,1758420719,1 Del Mar Park,1981-09-20 03:15:42,1
Sterne Mc Andrew,smcgz@reference.com,7377813929,38 Oneill Terrace,1998-03-04 15:48:34,1
Shaine Firebrace,sfirebraceh0@google.com,4955975051,1111 Westridge Court,1965-11-08 12:54:36,1
Yale Duthie,yduthieh1@ning.com,5614070507,6339 Kedzie Place,1960-05-16 08:01:49,1
Chev Sichardt,csichardth2@msn.com,1564991360,0 Myrtle Point,1972-10-14 04:59:37,1
Clerkclaude Sarfati,csarfatih3@dailymotion.com,2761291089,5370 Kensington Point,1988-02-10 00:14:20,1
Annabal MacGilfoyle,amacgilfoyleh4@ox.ac.uk,9855493691,509 Melby Court,1993-03-17 20:38:04,1
Sly Prin,sprinh5@ebay.com,7452560682,5778 Bashford Park,1966-10-30 14:46:39,1
Raphaela Cockson,rcocksonh6@europa.eu,6583507076,7 Rigney Lane,2001-08-13 10:02:20,1
Cesaro Furzey,cfurzeyh7@yale.edu,5881554574,6 Hudson Circle,1973-11-16 18:07:02,1
Lev Dillow,ldillowh8@stumbleupon.com,5408000013,9 Hazelcrest Park,1995-01-01 17:33:09,1
Rolph Overal,roveralh9@hud.gov,8083319816,4106 Butterfield Parkway,1966-05-14 03:40:49,1
Clemens Jellings,cjellingsha@exblog.jp,9488313979,6 Nova Center,1973-01-24 18:41:05,1
Margot Sterman,mstermanhb@xrea.com,3574428844,86794 Ryan Trail,1990-03-23 23:17:12,1
Orrin MacBarron,omacbarronhc@bing.com,4499601349,7572 Forest Point,1976-02-01 06:49:38,1
Ebba Lissaman,elissamanhd@cbslocal.com,5738217651,923 Mccormick Lane,1986-01-28 01:40:32,1
Prentice Maycock,pmaycockhe@engadget.com,6413237745,7 Magdeline Plaza,2001-12-21 11:53:23,1
Simone Laurentin,slaurentinhf@angelfire.com,9678430590,03 Erie Lane,1996-01-18 17:55:30,1
Jeremie Mulvy,jmulvyhg@google.fr,1934505029,6170 Knutson Terrace,1984-04-14 10:10:08,1
Isac Petronis,ipetronishh@discuz.net,8658033797,34592 Grim Point,1999-05-09 07:15:04,1
Penelope Abbatucci,pabbatuccihi@sohu.com,6715728592,65732 Hanover Lane,1966-04-23 21:33:22,1
Serge Brassington,sbrassingtonhj@guardian.co.uk,1278469231,5 Moland Crossing,2000-02-27 08:13:38,1
Heindrick Milch,hmilchhk@cornell.edu,3528737156,27027 Kinsman Crossing,1990-07-03 01:52:42,1
Wylma Waller-Bridge,wwallerbridgehl@reverbnation.com,4909056998,238 Ruskin Crossing,1964-07-07 21:06:37,1
Bertine Kestle,bkestlehm@biblegateway.com,8338006600,891 Roth Plaza,1963-03-15 04:45:59,1
Sella Brass,sbrasshn@nsw.gov.au,2458713389,0191 Lyons Pass,1985-01-17 21:53:10,1
Page Bartaloni,pbartaloniho@guardian.co.uk,2281622420,18 Oxford Point,2000-08-18 12:39:19,1
Charmane Charke,ccharkehp@163.com,3952608154,7 Porter Drive,1976-12-09 01:23:54,1
Garnette Farherty,gfarhertyhq@mysql.com,8248964395,01704 Corscot Circle,1970-12-11 10:20:14,1
Gris Laingmaid,glaingmaidhr@elpais.com,4529769985,36219 Stoughton Parkway,1997-05-19 06:51:29,1
Culley Applebee,capplebeehs@umich.edu,9239792892,3 Sachs Parkway,1974-02-28 03:44:46,1
Jolyn Rait,jraitht@qq.com,4722100567,68069 Debra Plaza,1979-05-19 19:23:34,1
Meghann Soloway,msolowayhu@harvard.edu,6885282164,2 Forest Run Alley,1978-03-11 05:15:24,1
Vinita Uwins,vuwinshv@tripod.com,3448200500,68040 Towne Terrace,1971-02-21 13:01:38,1
Hannah Sharp,hsharphw@reddit.com,8212122155,6 Lillian Drive,1972-12-06 01:55:51,1
Bren Ovise,bovisehx@liveinternet.ru,2536810755,21735 Barby Pass,1988-12-01 00:33:27,1
Sheffy Campion,scampionhy@flavors.me,3712210350,07 Ronald Regan Terrace,1995-09-10 19:31:14,1
Ruddie Baldung,rbaldunghz@parallels.com,4068560611,76 Utah Crossing,1960-06-17 20:34:29,1
Lon Van der Spohr,lvani0@cdbaby.com,9153286879,73969 Mariners Cove Drive,1994-10-07 12:41:29,1
Ginger McLoughlin,gmcloughlini1@dyndns.org,3448794827,96 Bartelt Way,1963-10-17 02:34:37,1
Gill Glusby,gglusbyi2@amazon.de,6478498564,8 Merrick Court,1962-01-15 09:23:59,1
Corette Renforth,crenforthi3@privacy.gov.au,5997167817,6747 Knutson Alley,1974-06-29 13:07:06,1
Estrella Bein,ebeini4@over-blog.com,9535516942,3 Orin Center,1972-01-16 09:30:51,1
Alvis Eagleton,aeagletoni5@statcounter.com,4126402390,67580 Lerdahl Road,1977-08-26 00:06:23,1
Anthea Murdy,amurdyi6@meetup.com,7474853418,7117 Mallory Terrace,1978-04-24 22:47:04,1
Verena Beckhurst,vbeckhursti7@163.com,2297101638,1205 Browning Street,1989-06-04 14:12:20,1
Bettina Sisland,bsislandi8@cdc.gov,4658232152,680 Steensland Terrace,1963-05-26 16:26:41,1
Valida Hartwright,vhartwrighti9@dyndns.org,5959622871,4814 Lotheville Junction,1964-01-09 08:45:20,1
Martin Sherwill,msherwillia@instagram.com,1343620488,54802 Monument Drive,1969-01-16 11:14:46,1
Laurie Morbey,lmorbeyib@imdb.com,3784900009,2373 Del Mar Center,1980-10-10 22:06:15,1
Gamaliel Flode,gflodeic@naver.com,7344930309,99376 Arkansas Lane,2000-09-18 12:27:09,1
Kaila Fryatt,kfryattid@jimdo.com,4961094435,78 Dahle Circle,1964-05-17 16:34:21,1
Lucina Mussolini,lmussoliniie@geocities.jp,6662175547,632 Dryden Parkway,1964-05-02 23:43:40,1
Arline Jarret,ajarretif@yellowbook.com,1618246943,51506 Anthes Road,1970-08-18 11:03:05,1
Andie Quade,aquadeig@mapquest.com,9749511687,473 Sauthoff Street,1961-06-17 00:17:53,1
Patrizius Whybray,pwhybrayih@senate.gov,6354580980,56 7th Crossing,1970-11-23 01:11:59,1
Bebe Stathor,bstathorii@parallels.com,7047073576,1 Bowman Alley,1965-08-08 18:46:00,1
Dalenna Flood,dfloodij@webmd.com,9098965797,1 Mallard Circle,1974-12-21 18:57:00,1
Hyacinth Feasley,hfeasleyik@privacy.gov.au,5521006535,036 Luster Crossing,1969-01-07 13:15:41,1
Arleyne Beall,abeallil@devhub.com,5889965031,32 Mandrake Parkway,1981-01-11 01:24:16,1
Denice Ruggs,druggsim@elpais.com,7565267763,20549 Bunker Hill Circle,1994-06-17 17:30:56,1
Melamie Bucher,mbucherin@jigsy.com,4943281947,17 Stuart Drive,1985-09-19 23:59:07,1
Milton Meakes,mmeakesio@topsy.com,6392989517,9778 Jana Alley,1961-04-14 01:49:06,1
Silva Swadden,sswaddenip@techcrunch.com,6122848192,070 Jenifer Trail,1998-08-14 14:03:25,1
Jerome Lode,jlodeiq@feedburner.com,8409601126,235 Crowley Court,1964-10-13 16:14:17,1
Ryley Griffen,rgriffenir@desdev.cn,3235584115,40 Clyde Gallagher Center,1987-03-27 21:49:35,1
Benyamin Holttom,bholttomis@fastcompany.com,3313061502,7 8th Way,1997-03-02 07:06:03,1
Sherwynd Jarad,sjaradit@irs.gov,9313682033,4 Main Terrace,1962-03-09 01:07:10,1
Kelcey Nertney,knertneyiu@bloomberg.com,4413124482,343 Pond Lane,1977-08-29 12:17:49,1
Georas Delacourt,gdelacourtiv@multiply.com,2055737768,2804 Acker Plaza,1967-10-11 22:31:26,1
Joanna Bettles,jbettlesiw@npr.org,8612699486,97311 Reinke Terrace,1996-02-19 19:05:35,1
Carlye St. Pierre,cstix@paginegialle.it,6378450201,40 Pearson Pass,1997-10-05 03:17:57,1
Gaby Seaking,gseakingiy@vinaora.com,3138440661,96 Montana Avenue,1961-05-17 01:26:02,1
Richardo Quinton,rquintoniz@europa.eu,6464693970,332 Lighthouse Bay Road,1988-04-12 04:49:46,1
Iago Melloy,imelloyj0@msu.edu,2945680438,7 Buhler Park,1994-09-03 19:07:13,1
Candra Buggy,cbuggyj1@php.net,5796630298,62164 Shopko Drive,1983-01-12 05:06:29,1
Nicky Deery,ndeeryj2@mail.ru,7287614571,60 Jenna Hill,1971-04-17 11:08:52,1
Eldon Tugman,etugmanj3@yale.edu,4159606266,74221 Mesta Crossing,1989-11-16 19:23:05,1
Art Totterdill,atotterdillj4@seattletimes.com,8635283473,2 Twin Pines Avenue,1961-05-29 02:36:25,1
Bree Blazynski,bblazynskij5@4shared.com,6133955241,92017 Namekagon Pass,1965-05-22 08:10:58,1
Kaiser Woolager,kwoolagerj6@spiegel.de,6765589766,850 Basil Street,1989-06-22 05:18:00,1
Helaina Dinan,hdinanj7@360.cn,2515485859,11 Dakota Court,1987-07-21 08:15:19,1
Hogan Samwaye,hsamwayej8@twitter.com,5618049242,0 Hazelcrest Circle,1977-12-31 21:35:49,1
Lin Plowell,lplowellj9@smh.com.au,8484905359,172 Rutledge Crossing,1970-08-29 17:33:04,1
Hilton Sertin,hsertinja@trellian.com,2265175626,934 Old Gate Road,1989-05-08 18:19:46,1
Osgood Arrundale,oarrundalejb@ibm.com,8165668676,76 Helena Lane,1970-03-05 16:11:13,1
Jermaine D'eath,jdeathjc@aol.com,9326388768,6 Brentwood Parkway,1969-09-14 18:35:23,1
Darci Burchill,dburchilljd@bizjournals.com,8589014595,34371 Clyde Gallagher Parkway,1987-06-10 03:08:30,1
Ruby Stephens,rstephensje@sfgate.com,4267262750,8744 Hintze Court,1963-07-18 22:53:20,1
Cyril Vase,cvasejf@oaic.gov.au,1572200789,1 Heffernan Junction,1980-06-17 05:11:01,1
Elise Pritchitt,epritchittjg@washington.edu,1722320038,9149 Ridgeview Plaza,1970-09-16 23:19:55,1
Sabrina Fleetham,sfleethamjh@blogger.com,1975183560,5589 Miller Point,1988-01-12 17:03:30,1
Kristy Gettens,kgettensji@digg.com,4077308309,21037 Elka Junction,1981-09-07 11:35:09,1
Channa O'Scollee,coscolleejj@facebook.com,5842620457,1 Southridge Trail,1961-12-22 16:05:05,1
Ida Costello,icostellojk@apple.com,5946154824,926 Marcy Alley,1984-07-27 21:42:57,1
Morrie Gilliatt,mgilliattjl@cbsnews.com,4058845503,6 6th Pass,1974-05-18 20:12:09,1
Merlina Thoumasson,mthoumassonjm@usatoday.com,2342457196,504 Dayton Point,1974-08-07 08:54:10,1
Jo Favelle,jfavellejn@gov.uk,4765359151,35 Cambridge Terrace,1965-03-02 11:19:12,1
Mariette Twitchett,mtwitchettjo@goodreads.com,1275690536,0635 Morningstar Drive,1972-03-14 21:33:22,1
Lawton Pocklington,lpocklingtonjp@indiatimes.com,9204676915,37170 Sugar Avenue,1999-11-14 12:15:24,1
Marcel Floris,mflorisjq@aol.com,8369920883,57 Muir Crossing,1987-05-21 02:08:30,1
Cynthy Woolvett,cwoolvettjr@biglobe.ne.jp,4716421178,149 Miller Way,2002-12-13 17:18:18,1
Benedikt Dunmuir,bdunmuirjs@newsvine.com,9956973956,01977 Welch Way,1975-04-02 07:34:12,1
Agosto Shere,asherejt@simplemachines.org,6002096565,56 Butternut Hill,1977-12-20 15:44:06,1
Court Phelips,cphelipsju@google.pl,6382927298,01198 Nevada Pass,1966-02-21 05:34:34,1
Stormy Ertelt,serteltjv@liveinternet.ru,4768661436,78 Elka Park,1960-01-11 00:42:39,1
Madalena Silbert,msilbertjw@dion.ne.jp,7629616875,67 Goodland Road,1977-08-10 23:37:54,1
Catriona Crosson,ccrossonjx@aol.com,9676048122,7 Sommers Street,1966-05-10 19:30:43,1
Annecorinne Ibarra,aibarrajy@stanford.edu,8116557992,6895 Fuller Circle,1962-12-13 17:14:10,1
Agretha Fenners,afennersjz@shareasale.com,4511627808,3 Melody Way,1964-12-14 07:01:29,1
Tomas D'Antuoni,tdantuonik0@liveinternet.ru,8355372112,081 Merrick Drive,1960-04-24 02:02:16,1
Arther Mathou,amathouk1@wikia.com,1951261812,370 Waubesa Plaza,1960-08-25 17:43:42,1
Karlee Stammler,kstammlerk2@instagram.com,9629619052,47795 High Crossing Court,1993-09-10 06:30:22,1
Catriona Skains,cskainsk3@tinyurl.com,3445681239,93398 Mayfield Street,1962-01-26 05:21:12,1
Alex Cabane,acabanek4@typepad.com,5713811663,3743 Basil Pass,1962-01-22 02:24:17,1
Marylin MacCorley,mmaccorleyk5@goo.gl,2087597051,688 Pennsylvania Street,1969-09-18 10:17:31,1
Dorothy Dragon,ddragonk6@csmonitor.com,3457428604,9 Hudson Hill,1979-11-05 06:41:49,1
Madelon Howland,mhowlandk7@altervista.org,2459799371,813 Walton Junction,1993-12-21 01:18:36,1
Monro Duligal,mduligalk8@hc360.com,4194062805,50749 Oakridge Pass,1991-06-16 07:50:19,1
Templeton Mellings,tmellingsk9@un.org,7818352210,468 Truax Way,1973-01-29 07:34:16,1
Garland Witt,gwittka@t-online.de,1928511861,0 Laurel Crossing,1999-01-07 21:11:55,1
Kaia Dukesbury,kdukesburykb@wordpress.com,8323014099,50 Ronald Regan Circle,1965-01-08 08:24:22,1
Esme Dundon,edundonkc@typepad.com,5987880543,1 Sage Parkway,1998-12-08 00:29:07,1
Maximilian Gallety,mgalletykd@opera.com,9754516995,32000 Spohn Trail,1964-09-19 22:03:05,1
Bronson Grose,bgroseke@a8.net,8061999948,2 Caliangt Park,2000-01-05 17:13:52,1
Daisey Duffet,dduffetkf@arstechnica.com,2023331438,48 Arkansas Junction,2002-08-09 20:49:29,1
Jorgan Halston,jhalstonkg@wired.com,7352661750,012 Roxbury Way,1971-12-11 07:49:00,1
Lindsey Bosworth,lbosworthkh@mapy.cz,5196577123,49927 Dorton Park,1981-01-23 02:35:56,1
Brien Bullen,bbullenki@gnu.org,5868361108,3 5th Parkway,2002-09-28 10:30:07,1
Horatia Worsham,hworshamkj@mlb.com,2915545732,375 Dunning Way,1999-12-02 21:48:22,1
Orv Hansemann,ohansemannkk@shinystat.com,5404330608,83363 Grayhawk Drive,1992-03-22 00:13:10,1
Levey Hallibone,lhallibonekl@nasa.gov,9956008984,78508 Portage Terrace,2001-01-24 19:40:44,1
Bale Johnsee,bjohnseekm@noaa.gov,9978191407,477 Birchwood Center,2002-08-03 13:19:27,1
Pammie Bails,pbailskn@seesaa.net,8683689607,80689 Laurel Street,1962-02-09 10:38:08,1
Iolande Nisbet,inisbetko@prnewswire.com,8141512509,2 Oriole Alley,1981-09-09 13:02:25,1
Mathew Goodie,mgoodiekp@sourceforge.net,7696897169,78981 Knutson Hill,1965-03-09 01:45:55,1
Carlene Konig,ckonigkq@jalbum.net,1065340051,77167 Darwin Park,1987-12-12 13:51:09,1
Cindra Gethouse,cgethousekr@delicious.com,2688291724,20805 Blackbird Park,1973-08-10 14:41:38,1
Pavia Cassin,pcassinks@blogs.com,6557679842,5 Shoshone Junction,1985-01-19 19:56:18,1
Wendye Chazier,wchazierkt@furl.net,3429728403,50 Namekagon Point,1963-07-07 09:24:18,1
Raul Merlin,rmerlinku@istockphoto.com,2577302689,650 Lerdahl Parkway,1975-08-10 19:25:42,1
Vasily Parkhouse,vparkhousekv@usgs.gov,7399922092,49 Mcbride Crossing,1973-11-28 11:06:14,1
Sharl Banstead,sbansteadkw@mayoclinic.com,9573962444,6 Morning Circle,1979-05-25 15:44:07,1
Bernardina Stripp,bstrippkx@whitehouse.gov,5206058115,4 Arapahoe Court,1995-11-14 20:26:09,1
Mina Satterfitt,msatterfittky@scribd.com,5933952835,59029 Wayridge Point,1998-10-09 11:03:49,1
Bryan Shoulder,bshoulderkz@irs.gov,1369044110,7150 Magdeline Center,1999-05-04 15:13:52,1
Marten Mackrell,mmackrelll0@cloudflare.com,9543071168,290 Lerdahl Pass,1960-02-08 12:33:26,1
Cletis Diggell,cdiggelll1@mail.ru,8032438428,27568 Harbort Trail,1990-11-27 09:52:16,1
Martina Waring,mwaringl2@google.it,7149230599,56 Mayfield Alley,1975-08-14 02:00:05,1
Svend Veneur,sveneurl3@redcross.org,4111486544,354 Bay Crossing,2001-01-10 14:18:03,1
Kayne Trustrie,ktrustriel4@a8.net,8395788566,2776 Shopko Crossing,1974-03-08 08:18:47,1
Kellina Reide,kreidel5@fotki.com,8859875235,62 Mallory Parkway,1995-03-22 13:51:00,1
Philip Consterdine,pconsterdinel6@samsung.com,7331742427,542 Green Junction,1998-09-19 00:25:31,1
Timmie Jandac,tjandacl7@blinklist.com,8492413759,129 Lotheville Junction,1999-08-22 19:29:16,1
Cart Scrivener,cscrivenerl8@fastcompany.com,3766439872,678 Meadow Ridge Circle,1994-11-05 01:48:57,1
Marketa Jakoubec,mjakoubecl9@cisco.com,8347472239,1 1st Street,1975-02-08 19:03:01,1
Arturo Dairton,adairtonla@ycombinator.com,2398552913,2458 Straubel Lane,1986-05-10 20:50:36,1
Ilsa Escalante,iescalantelb@google.ru,3346378980,818 Ludington Court,1967-09-02 10:19:40,1
Reeba Beavan,rbeavanlc@mtv.com,6793380778,2 Hoard Terrace,1988-10-12 15:18:55,1
Deana Micah,dmicahld@aboutads.info,7289987097,22225 Almo Junction,1998-01-01 09:14:18,1
Godwin Kiltie,gkiltiele@blogspot.com,8766458946,69455 Brickson Park Drive,1961-10-03 06:16:37,1
Maurizia Noulton,mnoultonlf@si.edu,9186030409,9 Rockefeller Parkway,1983-06-06 06:56:35,1
Humbert Cotelard,hcotelardlg@apple.com,2566395108,082 Butternut Pass,1984-05-08 00:32:30,1
Nonah Gange,ngangelh@i2i.jp,3134159072,2 Hallows Terrace,1987-09-10 14:45:05,1
Yanaton Badland,ybadlandli@cornell.edu,3416347927,0307 Debra Trail,1982-06-14 23:00:12,1
Shell Tomblett,stomblettlj@google.es,8606713245,858 Pine View Crossing,1992-04-18 13:52:15,1
Melisandra Proughten,mproughtenlk@nhs.uk,5105903895,95373 Acker Junction,1996-08-24 12:13:52,1
Jereme Lyddyard,jlyddyardll@networksolutions.com,8058198395,9531 Commercial Plaza,1962-05-11 11:13:18,1
Willey Thwaites,wthwaiteslm@globo.com,2227656326,5 Kennedy Pass,1971-05-20 17:54:21,1
Emmanuel Di Biasi,ediln@networksolutions.com,8064140847,60154 Del Sol Pass,1964-08-15 21:57:23,1
Jecho Haggar,jhaggarlo@google.ca,8711019053,1 Hauk Alley,1980-07-03 19:43:36,1
Arda Jentle,ajentlelp@slashdot.org,7658478557,390 Stuart Crossing,1962-09-02 04:30:02,1
Hodge Glasner,hglasnerlq@ning.com,2248479625,37 Acker Hill,1962-01-25 05:08:55,1
Claudie MacNamee,cmacnameelr@cargocollective.com,4869946563,172 Rockefeller Lane,1962-06-11 22:56:09,1
Korella Geddis,kgeddisls@typepad.com,7336668068,4 Colorado Place,1963-04-25 00:12:07,1
Flin Lindelof,flindeloflt@mediafire.com,3931285418,66 Donald Junction,1977-12-22 11:29:18,1
Catie Dowdam,cdowdamlu@sina.com.cn,9346017736,487 Valley Edge Parkway,1967-09-03 05:37:48,1
Ede Chittenden,echittendenlv@diigo.com,3876698204,75 Bunting Road,1986-01-23 13:53:09,1
Darlleen Lorrie,dlorrielw@merriam-webster.com,5989883030,47312 Southridge Point,1977-03-22 02:15:01,1
Kelvin Semered,ksemeredlx@hostgator.com,6456957083,9 Crownhardt Place,1979-06-07 14:41:08,1
Andee Stratton,astrattonly@eepurl.com,7528086482,32 Dakota Crossing,1996-09-11 21:09:41,1
Luisa McCarthy,lmccarthylz@hao123.com,8914931515,40264 Hauk Drive,1985-10-26 14:34:11,1
Lorie Bridgwater,lbridgwaterm0@shop-pro.jp,4846406054,590 Londonderry Alley,2003-06-25 14:37:14,1
Judon Salandino,jsalandinom1@nba.com,1208410331,1 Bunting Center,1969-11-15 03:48:27,1
Dorey Erington,deringtonm2@prnewswire.com,7388301250,1 Dexter Way,1990-03-31 11:14:05,1
Joletta Daffern,jdaffernm3@ca.gov,2859394499,1869 Leroy Plaza,1980-03-09 04:10:23,1
Francisca Spencelayh,fspencelayhm4@washingtonpost.com,3393556258,43873 Brentwood Trail,1979-01-24 20:40:58,1
Ondrea Wichard,owichardm5@taobao.com,6095076183,7777 Delladonna Circle,1964-06-30 01:49:47,1
Celestyn Ravenscraft,cravenscraftm6@list-manage.com,3341827912,4029 Shopko Circle,1966-12-26 05:01:43,1
Wadsworth Kloster,wklosterm7@gmpg.org,2411626739,3314 Mifflin Circle,1998-06-07 02:58:09,1
Glennie Grisley,ggrisleym8@tinyurl.com,1395382764,0 Evergreen Parkway,1978-10-31 14:42:08,1
Clarine Mandres,cmandresm9@woothemes.com,9387909063,2679 Hallows Place,1982-08-25 06:33:22,1
Wilek Ateridge,wateridgema@princeton.edu,1094454046,8 Esch Parkway,2001-12-06 00:20:42,1
Carmelia McGawn,cmcgawnmb@sciencedirect.com,6916920059,166 Mockingbird Crossing,1994-10-06 12:50:41,1
Giorgio Hawarden,ghawardenmc@angelfire.com,6515546602,73922 Lyons Circle,1978-08-28 02:11:51,1
Simone Averill,saverillmd@jimdo.com,7925838556,79 Anniversary Alley,1969-06-03 14:47:33,1
Jenelle Cresswell,jcresswellme@51.la,2596398628,65 Elmside Crossing,1967-05-16 00:23:37,1
Norri Ness,nnessmf@homestead.com,8023819753,77146 Holy Cross Avenue,1998-11-09 19:23:57,1
Olivette Constable,oconstablemg@1688.com,6013305869,41373 Oxford Road,1993-07-12 18:23:42,1
Debra Balam,dbalammh@google.it,4814151582,40081 Monument Park,1972-02-05 13:18:54,1
Wake Qusklay,wqusklaymi@samsung.com,7654557620,9726 Maple Place,1981-07-06 04:52:47,1
Van Matijasevic,vmatijasevicmj@google.com,7611863531,21 Randy Avenue,1970-08-29 09:36:09,1
Nathanael Gallie,ngalliemk@jalbum.net,1418021136,2 Lunder Park,1981-09-05 15:08:22,1
Clayborne Abramamov,cabramamovml@163.com,5346260558,382 Pennsylvania Way,1962-06-03 18:17:06,1
Krystalle Eliesco,keliescomm@walmart.com,5075458313,6980 Prentice Way,1986-11-23 22:36:53,1
Jacinta Warrack,jwarrackmn@bloglines.com,7578645356,116 Westridge Street,1976-08-07 05:01:06,1
Aaren Cradduck,acradduckmo@sbwire.com,5801625641,10578 Fieldstone Point,1991-02-09 05:16:22,1
Aloysia Tookill,atookillmp@adobe.com,8359421922,15996 Muir Junction,1968-12-21 20:39:37,1
Jody Cartin,jcartinmq@freewebs.com,3479945655,30 4th Drive,1977-10-21 02:57:13,1
Abigail O'Hartnedy,aohartnedymr@phpbb.com,2126685311,6 School Lane,1988-05-20 15:21:42,1
Delaney Snowman,dsnowmanms@de.vu,2388811550,5168 Red Cloud Place,1981-10-14 11:24:52,1
Barret Crust,bcrustmt@indiatimes.com,9169957824,7 Marcy Point,1970-02-25 11:06:36,1
Tommy Stolli,tstollimu@nih.gov,3751374003,1 Towne Way,1989-09-29 11:00:51,1
Erie Barbosa,ebarbosamv@weebly.com,5624417124,859 Coolidge Plaza,2002-07-20 08:35:08,1
Florentia Grigoliis,fgrigoliismw@pcworld.com,5863955011,8 Dakota Circle,1978-10-02 09:37:38,1
Bran Mettericke,bmetterickemx@usgs.gov,3839161538,4 Clove Junction,1991-08-24 17:18:18,1
Lenette Doudney,ldoudneymy@bluehost.com,1022056093,71377 Farragut Place,1966-10-11 11:34:19,1
Liana Edgeller,ledgellermz@edublogs.org,2604615986,0 Green Plaza,2001-02-24 18:58:06,1
Artus Reder,aredern0@discovery.com,2698872799,7 Sunbrook Avenue,1981-10-25 22:08:17,1
Artemas Corbin,acorbinn1@shop-pro.jp,3391276640,2324 Russell Circle,1993-03-07 08:11:17,1
Kerry Matejovsky,kmatejovskyn2@reverbnation.com,3394456949,9 Anzinger Place,2000-03-02 06:14:37,1
Persis Tonkinson,ptonkinsonn3@wikispaces.com,5837106364,57842 Anzinger Court,1973-10-02 07:21:50,1
Rorie Traske,rtrasken4@1und1.de,7396291634,5683 Pleasure Park,1987-08-11 20:33:18,1
Tamarah Norman,tnormann5@typepad.com,6665379641,75 Melby Street,1998-02-25 12:52:41,1
Jillana Dacke,jdacken6@parallels.com,1901601004,47 Paget Hill,1960-11-25 19:02:54,1
Ludvig Richardson,lrichardsonn7@unicef.org,5319785237,437 Jenna Avenue,1962-03-04 01:19:02,1
Clarke Dufour,cdufourn8@behance.net,1225946835,9886 Ryan Trail,1974-07-29 08:56:30,1
Lester Newnham,lnewnhamn9@youtu.be,3174126073,12141 Glacier Hill Center,1995-02-23 03:39:54,1
Enrika Webling,eweblingna@barnesandnoble.com,3059537408,6 Kipling Avenue,1978-10-31 01:48:32,1
Winn Atheis,watheisnb@is.gd,6848323444,88 Loftsgordon Lane,1967-01-21 05:25:29,1
Zachariah Goodby,zgoodbync@github.com,2608292529,72 Westerfield Hill,1998-01-27 11:22:30,1
Cece Tewkesberrie,ctewkesberriend@sfgate.com,7638796635,43 Miller Way,2003-05-26 23:47:53,1
Eldridge Bangley,ebangleyne@privacy.gov.au,8767797703,55 Schlimgen Avenue,1987-01-18 16:20:25,1
Anthiathia Loades,aloadesnf@redcross.org,2386735090,2329 Carioca Court,1975-04-20 13:22:37,1
Austin Fredson,afredsonng@cisco.com,2576347278,84913 Dahle Plaza,1997-03-29 13:18:31,1
Kelly Lamble,klamblenh@tripadvisor.com,3678790323,08 Eggendart Plaza,1978-07-07 16:20:44,1
Hallsy Swinford,hswinfordni@t-online.de,7865220128,9926 Quincy Avenue,1986-06-01 10:55:19,1
Dillon Potebury,dpoteburynj@ted.com,6458164588,18 Parkside Court,1989-12-26 05:25:37,1
Thaine Misk,tmisknk@omniture.com,9202272383,69 Fieldstone Drive,1983-08-21 12:34:44,1
Morgana Vertey,mverteynl@slideshare.net,8007289332,447 Mcbride Place,1979-12-30 00:56:51,1
Neile Radwell,nradwellnm@shutterfly.com,7753822157,98 Springs Plaza,1969-10-15 03:01:23,1
Peadar Gooderridge,pgooderridgenn@csmonitor.com,5526876646,14 Novick Crossing,2000-03-15 23:32:55,1
Neille Ellse,nellseno@blog.com,7301239799,7460 Lunder Trail,1969-10-05 06:35:08,1
Shellysheldon Bulfit,sbulfitnp@geocities.jp,7686289780,563 Holmberg Court,1980-12-08 03:26:01,1
Isacco Purchase,ipurchasenq@youtu.be,9962058994,92815 Elgar Point,1961-12-29 16:36:03,1
Parke Coggill,pcoggillnr@seattletimes.com,1049595659,068 Magdeline Plaza,2001-04-07 11:37:57,1
Marty Fattori,mfattorins@freewebs.com,4803856829,678 Straubel Alley,1986-11-08 10:29:08,1
Hayley Cullotey,hculloteynt@netscape.com,4707501421,3898 Stuart Point,1975-06-15 10:07:00,1
Karisa Rowley,krowleynu@theguardian.com,3086286403,75 Roxbury Terrace,1996-01-01 09:30:17,1
Louisa Bontoft,lbontoftnv@utexas.edu,7102900404,6 Canary Road,1966-04-29 03:50:16,1
Giacinta Lebourn,glebournnw@meetup.com,1006833070,95865 Prairie Rose Way,1973-03-25 15:31:45,1
Janith Joannic,jjoannicnx@acquirethisname.com,3427912711,9 Prairie Rose Drive,1979-10-24 00:05:40,1
Clara Maskill,cmaskillny@miitbeian.gov.cn,4946344374,228 Mayer Place,1984-05-31 17:43:17,1
Dorotea Oldacre,doldacrenz@people.com.cn,7868696978,694 Westerfield Hill,1991-12-25 15:43:25,1
Von Darling,vdarlingo0@chronoengine.com,7086157038,72990 Fordem Park,1992-05-09 21:40:41,1
Fredelia Ringrose,fringroseo1@gnu.org,2315232243,255 Heath Center,1969-11-08 13:46:22,1
Heddie Laffling,hlafflingo2@mail.ru,8081228424,34 Petterle Pass,1992-06-24 01:59:47,1
Willem Paffley,wpaffleyo3@hao123.com,3512885481,43 Lyons Lane,1993-07-25 02:31:39,1
Alverta Lowes,aloweso4@networksolutions.com,4699708184,9 Colorado Parkway,1970-09-17 17:58:28,1
Rochell Budik,rbudiko5@mapquest.com,9201409137,15 Delladonna Road,1960-05-26 05:58:05,1
Engracia Pharoah,epharoaho6@google.ca,8717256915,02 Saint Paul Point,1994-04-24 05:51:21,1
Dalis Altimas,daltimaso7@issuu.com,5503198276,8657 Little Fleur Park,1981-04-26 21:11:19,1
Vanda Cardall,vcardallo8@ehow.com,3388751713,66 Homewood Terrace,1971-05-03 01:27:33,1
Sybil Hanhart,shanharto9@elpais.com,8629961974,80296 Tony Circle,1969-01-25 16:07:15,1
Elena Samms,esammsoa@chronoengine.com,8052436510,9685 Sage Terrace,1978-12-25 21:18:41,1
Patty Wandtke,pwandtkeob@chron.com,4221390451,7 Loftsgordon Road,2000-01-05 19:24:13,1
Dyane Crosswaite,dcrosswaiteoc@fda.gov,2068713582,67 Memorial Street,1999-08-29 11:14:43,1
Lanny Blackborow,lblackborowod@oaic.gov.au,5753734668,377 Northridge Pass,1989-01-01 14:33:26,1
Haskell Ferris,hferrisoe@shinystat.com,6475827862,0 Buhler Trail,1982-08-15 16:12:22,1
Annecorinne Nairns,anairnsof@go.com,5126894053,21422 Green Ridge Hill,1961-08-22 18:15:31,1
Moria Waumsley,mwaumsleyog@comsenz.com,5507639798,917 Artisan Plaza,1989-04-17 06:15:16,1
Vito Wiles,vwilesoh@bbb.org,5288440161,74 Weeping Birch Road,1973-03-21 20:51:53,1
Stefania Haydney,shaydneyoi@ebay.co.uk,4794117388,7324 Trailsway Court,2003-01-22 18:46:38,1
Sharon Prantl,sprantloj@macromedia.com,5615020363,754 Gale Alley,2003-07-12 20:11:29,1
Broderic Schankelborg,bschankelborgok@is.gd,6935362285,38678 Gateway Point,1997-04-05 01:54:42,1
Ephrayim Deevey,edeeveyol@nyu.edu,5421047865,492 Garrison Crossing,1993-02-24 22:39:11,1
Grazia Silk,gsilkom@abc.net.au,7072128988,0753 Mcguire Street,1964-04-14 05:56:18,1
Lorri Portis,lportison@squidoo.com,4985512848,672 Old Gate Alley,1967-04-28 09:55:53,1
Lynea Ingold,lingoldoo@mail.ru,8907937671,092 Morning Drive,1981-07-02 14:48:42,1
Devlin Ochterlonie,dochterlonieop@hexun.com,3052328432,6753 Almo Crossing,2000-12-26 17:34:40,1
Maggi Mugridge,mmugridgeoq@wikispaces.com,9914367720,9 Hazelcrest Drive,1970-08-19 19:06:04,1
Denney Casburn,dcasburnor@blogtalkradio.com,6913131435,567 Welch Parkway,1994-10-05 13:25:33,1
Ashien Sonley,asonleyos@columbia.edu,7038206144,3814 Oxford Way,1968-12-25 22:45:12,1
Ashlan McCaughey,amccaugheyot@wikispaces.com,4918454513,9936 Namekagon Street,2002-04-09 16:05:01,1
Erik Mabbett,emabbettou@free.fr,9675394867,2 Kipling Lane,1994-04-29 19:39:19,1
Vaclav Ounsworth,vounsworthov@vk.com,7662927309,39 Golf View Crossing,1965-01-27 07:16:00,1
Nealon Schwanden,nschwandenow@nbcnews.com,5946511266,18099 Harbort Circle,1979-02-19 11:06:21,1
Carolynn Lippo,clippoox@npr.org,8108049968,5 Red Cloud Court,1997-03-05 01:35:50,1
Jean Selwyn,jselwynoy@reddit.com,1784354777,9 West Hill,1975-09-06 03:19:56,1
Isadora Moyer,imoyeroz@ibm.com,4153951074,982 New Castle Pass,1988-02-18 00:06:55,1
Agace Pigram,apigramp0@nbcnews.com,7931581271,8 4th Pass,1979-02-28 03:25:19,1
Skell Robbins,srobbinsp1@ucla.edu,8552787765,67883 Meadow Vale Pass,1980-01-22 12:35:27,1
Uriah Simmonds,usimmondsp2@blogs.com,9339079942,07375 Paget Way,1979-05-13 12:08:21,1
Saunders Drezzer,sdrezzerp3@addthis.com,6896689348,7226 Sycamore Pass,1980-08-23 00:28:00,1
Laurianne Panting,lpantingp4@boston.com,1962446310,2 Westport Avenue,1996-06-29 15:48:17,1
Alejandro Coughtrey,acoughtreyp5@census.gov,4839388496,4560 Springview Plaza,1984-05-13 15:25:06,1
Dyna Norcliff,dnorcliffp6@washingtonpost.com,5451009391,04 Anhalt Center,1976-07-03 15:39:47,1
Kasper Wasmer,kwasmerp7@com.com,8688027807,75 Marcy Terrace,1983-12-08 12:21:19,1
Willie Dicey,wdiceyp8@typepad.com,5118956950,3 Mayfield Pass,1975-05-11 07:31:10,1
Karoly Matteotti,kmatteottip9@sitemeter.com,7999554843,7196 Northview Plaza,1975-06-11 20:52:45,1
Concordia Ummfrey,cummfreypa@nhs.uk,5861982327,6 Buena Vista Circle,1987-12-05 09:52:49,1
Glad Itzkovsky,gitzkovskypb@tmall.com,4083396409,777 Kropf Alley,2000-09-27 10:19:04,1
Christophorus Tugwell,ctugwellpc@springer.com,6162654056,15124 Oriole Park,1965-09-18 22:36:35,1
Sher Inder,sinderpd@privacy.gov.au,2419631000,403 Forest Dale Drive,1963-07-21 01:53:24,1
Miner Lago,mlagope@gravatar.com,7009180874,5 Blaine Pass,1984-11-18 21:47:37,1
Armin Bunten,abuntenpf@cam.ac.uk,9464892067,8 Forest Dale Way,1990-02-10 07:15:45,1
Malachi Duthy,mduthypg@twitpic.com,5994012185,5741 Bunting Plaza,1962-06-11 02:56:39,1
Rhodie Trevethan,rtrevethanph@imageshack.us,6531793014,69 Linden Point,1988-11-13 10:07:50,1
Westbrooke Dogerty,wdogertypi@nasa.gov,7741217170,4 Sycamore Park,2003-04-06 11:56:46,1
Susanne Bryett,sbryettpj@cdbaby.com,2146401480,3075 Fallview Alley,1976-12-21 12:02:47,1
Cassie Stuchbury,cstuchburypk@netscape.com,8864382606,87152 Scofield Way,1981-10-15 00:43:23,1
Eudora Bownd,ebowndpl@microsoft.com,5699454298,7 Thackeray Lane,1982-01-03 11:14:00,1
Andrus Duce,aducepm@hostgator.com,1625374226,4 Vermont Pass,1980-09-23 10:35:15,1
Michail Vasyunichev,mvasyunichevpn@mediafire.com,8309635260,033 Portage Parkway,1979-09-25 13:43:26,1
Kerrie Maxfield,kmaxfieldpo@wordpress.com,4551938040,7214 Glacier Hill Lane,1975-01-01 11:35:26,1
Jon Ussher,jussherpp@sourceforge.net,3297097439,3903 Scott Terrace,1997-02-08 12:41:03,1
Julietta Bugs,jbugspq@discovery.com,3067065293,45229 Barby Place,1967-12-16 06:32:31,1
Beatrix Kardos-Stowe,bkardosstowepr@gravatar.com,9585650543,9 Manitowish Junction,1961-02-06 09:56:49,1
Joelynn Perrigo,jperrigops@smugmug.com,2796974493,27 Fulton Center,1972-07-01 19:52:25,1
Ermanno Laidlaw,elaidlawpt@hc360.com,9449394168,39 Melby Crossing,1970-10-03 21:57:04,1
Hilly Harston,hharstonpu@prweb.com,3203814623,0 Esker Parkway,1985-10-14 16:01:19,1
Hunt Caskie,hcaskiepv@yellowbook.com,1622111371,50216 Burning Wood Lane,1981-12-08 05:22:56,1
Cobby Tallet,ctalletpw@ning.com,6204690761,522 Bultman Park,1974-01-23 13:11:45,1
Chiquita Rosindill,crosindillpx@apache.org,8365607666,720 Hooker Hill,1967-06-21 12:24:57,1
Dorian Fleckno,dflecknopy@wired.com,3599752239,12 Nancy Street,1969-07-05 11:38:26,1
Marrissa Peacey,mpeaceypz@economist.com,9838726870,6600 Redwing Street,2000-06-19 02:30:23,1
Nicolais Whitear,nwhitearq0@mlb.com,8833026259,03298 Green Parkway,1996-01-04 22:17:08,1
Danielle Poplee,dpopleeq1@usatoday.com,6016813268,34 Hudson Circle,1974-08-01 08:06:00,1
Morlee Jennemann,mjennemannq2@alexa.com,1375940079,975 Arizona Alley,1981-09-09 16:46:21,1
Alysia Ascroft,aascroftq3@cbsnews.com,2979435578,509 Dahle Trail,1985-09-22 09:49:47,1
Linn Melchior,lmelchiorq4@biblegateway.com,6112205082,43835 Brickson Park Junction,1986-08-25 13:29:31,1
Ingeborg Gossage,igossageq5@bravesites.com,1448567513,2 Colorado Park,2002-09-30 23:14:27,1
Windy Tuffield,wtuffieldq6@is.gd,3713936951,08948 Parkside Court,1968-01-14 19:05:44,1
Nefen Heartfield,nheartfieldq7@wisc.edu,5732936317,1 Oak Way,1974-06-17 09:11:50,1
Onfroi Manby,omanbyq8@imdb.com,5928045165,490 Sunbrook Center,1992-01-29 14:57:32,1
Ambrosi Fursse,afursseq9@twitter.com,6615907778,242 Commercial Center,2002-07-27 19:11:43,1
Marys Marvin,mmarvinqa@woothemes.com,4567986207,23 High Crossing Park,1972-02-17 19:30:31,1
Rafferty Acland,raclandqb@europa.eu,1586279441,9385 Sullivan Road,1994-07-28 09:20:22,1
Gilbert Noyce,gnoyceqc@nps.gov,3407195718,2 Doe Crossing Street,1988-09-10 00:38:33,1
Hogan Spurway,hspurwayqd@umn.edu,1682905512,982 Summerview Pass,1998-03-25 15:41:49,1
Dorie Barthelme,dbarthelmeqe@digg.com,6954013606,1 Magdeline Court,1979-05-15 15:33:22,1
Marcelline De Lacey,mdeqf@purevolume.com,5267098159,5569 Utah Alley,1968-05-13 21:35:07,1
Brody Gard,bgardqg@quantcast.com,3783356542,050 Merry Hill,1999-04-18 22:44:05,1
Juieta Gierke,jgierkeqh@state.tx.us,1877123560,49 Fieldstone Road,1979-09-10 04:03:59,1
Trenna Barlow,tbarlowqi@npr.org,8034461955,35481 Mccormick Court,1971-10-22 08:29:49,1
Fons Popov,fpopovqj@addthis.com,6585583794,53 Larry Trail,1980-03-17 19:42:32,1
Ailene Debold,adeboldqk@redcross.org,5323438371,4601 Forest Dale Terrace,1987-03-31 03:16:48,1
Toddie Jozefiak,tjozefiakql@seattletimes.com,5942488798,306 Carberry Road,1967-12-30 10:39:01,1
Allie Di Francesco,adiqm@ezinearticles.com,2967069976,36 Bunker Hill Court,1976-11-08 14:18:17,1
Kiley Antonetti,kantonettiqn@examiner.com,3224001863,173 Sunnyside Park,1986-09-28 07:48:35,1
Ali Hainey,ahaineyqo@cdc.gov,5632406607,4861 Armistice Circle,1995-05-13 01:58:21,1
Nat Marcus,nmarcusqp@webmd.com,7899781240,1 Helena Hill,1995-03-08 01:08:02,1
Floris Benzie,fbenzieqq@t.co,5711679502,9 Dottie Junction,1995-06-29 17:34:17,1
Ernesta Midgely,emidgelyqr@usgs.gov,5127862036,84 Randy Way,1973-07-07 21:36:49,1
Loni Keeler,lkeelerqs@hexun.com,1448958250,6759 Hauk Center,1975-06-06 23:51:03,1
Aveline Dorken,adorkenqt@businessinsider.com,9063631451,5769 Rutledge Alley,1982-01-21 23:28:36,1
Rianon Lazell,rlazellqu@cdc.gov,9954278295,124 Manitowish Plaza,2001-03-20 05:15:01,1
Esmaria Bransom,ebransomqv@hhs.gov,6631099278,7284 Dorton Lane,1996-10-17 18:22:39,1
Klaus Willmont,kwillmontqw@epa.gov,9977240742,5029 Huxley Way,1970-03-13 04:13:24,1
Fidelity Everingham,feveringhamqx@google.es,3995243816,2 Meadow Valley Circle,1990-03-28 22:46:52,1
Gay Nelius,gneliusqy@weather.com,6927076148,20961 Bartillon Crossing,1984-07-31 01:37:45,1
Brigit Hefforde,bheffordeqz@businessweek.com,5989194242,0 Oxford Trail,1972-12-30 01:34:23,1
Tomaso Huffey,thuffeyr0@facebook.com,6965373708,6 Buell Alley,1983-08-25 10:49:39,1
Jamima Fermor,jfermorr1@yahoo.com,5692231983,7696 Westridge Hill,2000-08-27 13:59:01,1
Nonnah Davley,ndavleyr2@cdbaby.com,4613394346,5543 Sherman Park,1986-06-12 02:20:19,1
Laryssa Huckster,lhucksterr3@indiatimes.com,8314407109,2978 Kennedy Plaza,1989-02-27 10:16:21,1
Maura Valintine,mvalintiner4@theguardian.com,8299216275,421 Esker Avenue,2002-01-29 16:00:39,1
Warner Vieyra,wvieyrar5@ucsd.edu,2649127375,1 Norway Maple Road,1984-08-27 05:00:28,1
Claudius Gull,cgullr6@gnu.org,4518693891,2211 Bunting Trail,1989-03-26 09:56:17,1
Bertine Cardnell,bcardnellr7@amazon.co.uk,8403341725,69560 Melody Court,1981-10-26 21:28:28,1
Nickie Stoller,nstollerr8@usatoday.com,5902594215,16818 Service Avenue,1967-06-18 00:51:00,1
Malachi Garie,mgarier9@smh.com.au,6897468902,34840 Southridge Avenue,1993-07-11 15:19:49,1
Silvana Harkus,sharkusra@yale.edu,3495816381,176 Badeau Park,1975-07-01 19:20:39,1
Remington Tremelling,rtremellingrb@deviantart.com,7638546801,910 Sheridan Trail,2003-08-14 12:09:56,1
Maighdiln Marton,mmartonrc@who.int,6387458281,57 Walton Park,1992-08-10 06:39:33,1
Bartholomeo Marusic,bmarusicrd@spotify.com,5063465894,14 Fairfield Lane,1960-08-08 12:05:16,1
Earle Seater,eseaterre@devhub.com,6082864797,72148 Florence Way,1968-04-07 09:44:15,1
Jade Segge,jseggerf@bloglovin.com,4334965319,3 Farragut Crossing,1960-03-18 13:16:25,1
Reilly Thatcher,rthatcherrg@ustream.tv,3034324457,66341 Bartillon Center,1981-11-30 01:23:41,1
Tina Burcher,tburcherrh@craigslist.org,3868799812,517 Kenwood Trail,1968-03-06 14:28:32,1
Evangelia Chislett,echislettri@irs.gov,8236976871,0 Moulton Park,1995-09-25 01:52:00,1
Oralee Jeckell,ojeckellrj@google.nl,8188352305,10 Milwaukee Park,1960-10-26 09:58:32,1
Vivi Pumphrey,vpumphreyrk@wufoo.com,7944425043,047 Declaration Drive,1987-07-15 02:02:25,1
Carey Foulger,cfoulgerrl@flavors.me,1762555258,41 Hooker Street,1978-03-21 07:48:35,1
Josiah Huntall,jhuntallrm@newsvine.com,9046422685,3599 Gerald Avenue,1990-11-25 14:59:25,1
Aylmer Mugford,amugfordrn@mayoclinic.com,6187369973,2 Old Shore Way,1994-08-05 23:32:47,1
Gratiana Preuvost,gpreuvostro@nationalgeographic.com,5147596000,5 Northland Pass,1986-04-09 14:15:28,1
Ganny Imloch,gimlochrp@google.it,7938180002,3695 Mcbride Place,1975-07-10 11:39:05,1
Bondy Edmondson,bedmondsonrq@usnews.com,6942031653,9059 Eliot Way,1966-03-02 16:26:10,1
Ozzy Learoyd,olearoydrr@ed.gov,2114463556,1 Hoepker Lane,1999-11-18 18:14:22,1

